word,p1,p2,p3,p4,p5
which,w,h,i,c,h
there,t,h,e,r,e
their,t,h,e,i,r
about,a,b,o,u,t
would,w,o,u,l,d
these,t,h,e,s,e
other,o,t,h,e,r
words,w,o,r,d,s
could,c,o,u,l,d
write,w,r,i,t,e
first,f,i,r,s,t
water,w,a,t,e,r
after,a,f,t,e,r
where,w,h,e,r,e
right,r,i,g,h,t
think,t,h,i,n,k
three,t,h,r,e,e
years,y,e,a,r,s
place,p,l,a,c,e
sound,s,o,u,n,d
great,g,r,e,a,t
again,a,g,a,i,n
still,s,t,i,l,l
every,e,v,e,r,y
small,s,m,a,l,l
found,f,o,u,n,d
those,t,h,o,s,e
never,n,e,v,e,r
under,u,n,d,e,r
might,m,i,g,h,t
while,w,h,i,l,e
house,h,o,u,s,e
world,w,o,r,l,d
below,b,e,l,o,w
asked,a,s,k,e,d
going,g,o,i,n,g
large,l,a,r,g,e
until,u,n,t,i,l
along,a,l,o,n,g
shall,s,h,a,l,l
being,b,e,i,n,g
often,o,f,t,e,n
earth,e,a,r,t,h
began,b,e,g,a,n
since,s,i,n,c,e
study,s,t,u,d,y
night,n,i,g,h,t
light,l,i,g,h,t
above,a,b,o,v,e
paper,p,a,p,e,r
parts,p,a,r,t,s
young,y,o,u,n,g
story,s,t,o,r,y
point,p,o,i,n,t
times,t,i,m,e,s
heard,h,e,a,r,d
whole,w,h,o,l,e
white,w,h,i,t,e
given,g,i,v,e,n
means,m,e,a,n,s
music,m,u,s,i,c
miles,m,i,l,e,s
thing,t,h,i,n,g
today,t,o,d,a,y
later,l,a,t,e,r
using,u,s,i,n,g
money,m,o,n,e,y
lines,l,i,n,e,s
order,o,r,d,e,r
group,g,r,o,u,p
among,a,m,o,n,g
learn,l,e,a,r,n
known,k,n,o,w,n
space,s,p,a,c,e
table,t,a,b,l,e
early,e,a,r,l,y
trees,t,r,e,e,s
short,s,h,o,r,t
hands,h,a,n,d,s
state,s,t,a,t,e
black,b,l,a,c,k
shown,s,h,o,w,n
stood,s,t,o,o,d
front,f,r,o,n,t
voice,v,o,i,c,e
kinds,k,i,n,d,s
makes,m,a,k,e,s
comes,c,o,m,e,s
close,c,l,o,s,e
power,p,o,w,e,r
lived,l,i,v,e,d
vowel,v,o,w,e,l
taken,t,a,k,e,n
built,b,u,i,l,t
heart,h,e,a,r,t
ready,r,e,a,d,y
quite,q,u,i,t,e
class,c,l,a,s,s
bring,b,r,i,n,g
round,r,o,u,n,d
horse,h,o,r,s,e
shows,s,h,o,w,s
piece,p,i,e,c,e
green,g,r,e,e,n
stand,s,t,a,n,d
birds,b,i,r,d,s
start,s,t,a,r,t
river,r,i,v,e,r
tried,t,r,i,e,d
least,l,e,a,s,t
field,f,i,e,l,d
whose,w,h,o,s,e
girls,g,i,r,l,s
leave,l,e,a,v,e
added,a,d,d,e,d
color,c,o,l,o,r
third,t,h,i,r,d
hours,h,o,u,r,s
moved,m,o,v,e,d
plant,p,l,a,n,t
doing,d,o,i,n,g
names,n,a,m,e,s
forms,f,o,r,m,s
heavy,h,e,a,v,y
ideas,i,d,e,a,s
cried,c,r,i,e,d
check,c,h,e,c,k
floor,f,l,o,o,r
begin,b,e,g,i,n
woman,w,o,m,a,n
alone,a,l,o,n,e
plane,p,l,a,n,e
spell,s,p,e,l,l
watch,w,a,t,c,h
carry,c,a,r,r,y
wrote,w,r,o,t,e
clear,c,l,e,a,r
named,n,a,m,e,d
books,b,o,o,k,s
child,c,h,i,l,d
glass,g,l,a,s,s
human,h,u,m,a,n
takes,t,a,k,e,s
party,p,a,r,t,y
build,b,u,i,l,d
seems,s,e,e,m,s
blood,b,l,o,o,d
sides,s,i,d,e,s
seven,s,e,v,e,n
mouth,m,o,u,t,h
solve,s,o,l,v,e
north,n,o,r,t,h
value,v,a,l,u,e
death,d,e,a,t,h
maybe,m,a,y,b,e
happy,h,a,p,p,y
tells,t,e,l,l,s
gives,g,i,v,e,s
looks,l,o,o,k,s
shape,s,h,a,p,e
lives,l,i,v,e,s
steps,s,t,e,p,s
areas,a,r,e,a,s
sense,s,e,n,s,e
speak,s,p,e,a,k
force,f,o,r,c,e
ocean,o,c,e,a,n
speed,s,p,e,e,d
women,w,o,m,e,n
metal,m,e,t,a,l
south,s,o,u,t,h
grass,g,r,a,s,s
scale,s,c,a,l,e
cells,c,e,l,l,s
lower,l,o,w,e,r
sleep,s,l,e,e,p
wrong,w,r,o,n,g
pages,p,a,g,e,s
ships,s,h,i,p,s
needs,n,e,e,d,s
rocks,r,o,c,k,s
eight,e,i,g,h,t
major,m,a,j,o,r
level,l,e,v,e,l
total,t,o,t,a,l
ahead,a,h,e,a,d
reach,r,e,a,c,h
stars,s,t,a,r,s
store,s,t,o,r,e
sight,s,i,g,h,t
terms,t,e,r,m,s
catch,c,a,t,c,h
works,w,o,r,k,s
board,b,o,a,r,d
cover,c,o,v,e,r
songs,s,o,n,g,s
equal,e,q,u,a,l
stone,s,t,o,n,e
waves,w,a,v,e,s
guess,g,u,e,s,s
dance,d,a,n,c,e
spoke,s,p,o,k,e
break,b,r,e,a,k
cause,c,a,u,s,e
radio,r,a,d,i,o
weeks,w,e,e,k,s
lands,l,a,n,d,s
basic,b,a,s,i,c
liked,l,i,k,e,d
trade,t,r,a,d,e
fresh,f,r,e,s,h
final,f,i,n,a,l
fight,f,i,g,h,t
meant,m,e,a,n,t
drive,d,r,i,v,e
spent,s,p,e,n,t
local,l,o,c,a,l
waxes,w,a,x,e,s
knows,k,n,o,w,s
train,t,r,a,i,n
bread,b,r,e,a,d
homes,h,o,m,e,s
teeth,t,e,e,t,h
coast,c,o,a,s,t
thick,t,h,i,c,k
brown,b,r,o,w,n
clean,c,l,e,a,n
quiet,q,u,i,e,t
sugar,s,u,g,a,r
facts,f,a,c,t,s
steel,s,t,e,e,l
forth,f,o,r,t,h
rules,r,u,l,e,s
notes,n,o,t,e,s
units,u,n,i,t,s
peace,p,e,a,c,e
month,m,o,n,t,h
verbs,v,e,r,b,s
seeds,s,e,e,d,s
helps,h,e,l,p,s
sharp,s,h,a,r,p
visit,v,i,s,i,t
woods,w,o,o,d,s
chief,c,h,i,e,f
walls,w,a,l,l,s
cross,c,r,o,s,s
wings,w,i,n,g,s
grown,g,r,o,w,n
cases,c,a,s,e,s
foods,f,o,o,d,s
crops,c,r,o,p,s
fruit,f,r,u,i,t
stick,s,t,i,c,k
wants,w,a,n,t,s
stage,s,t,a,g,e
sheep,s,h,e,e,p
nouns,n,o,u,n,s
plain,p,l,a,i,n
drink,d,r,i,n,k
bones,b,o,n,e,s
apart,a,p,a,r,t
turns,t,u,r,n,s
moves,m,o,v,e,s
touch,t,o,u,c,h
angle,a,n,g,l,e
based,b,a,s,e,d
range,r,a,n,g,e
marks,m,a,r,k,s
tired,t,i,r,e,d
older,o,l,d,e,r
farms,f,a,r,m,s
spend,s,p,e,n,d
shoes,s,h,o,e,s
goods,g,o,o,d,s
chair,c,h,a,i,r
twice,t,w,i,c,e
cents,c,e,n,t,s
empty,e,m,p,t,y
alike,a,l,i,k,e
style,s,t,y,l,e
broke,b,r,o,k,e
pairs,p,a,i,r,s
count,c,o,u,n,t
enjoy,e,n,j,o,y
score,s,c,o,r,e
shore,s,h,o,r,e
roots,r,o,o,t,s
paint,p,a,i,n,t
heads,h,e,a,d,s
shook,s,h,o,o,k
serve,s,e,r,v,e
angry,a,n,g,r,y
crowd,c,r,o,w,d
wheel,w,h,e,e,l
quick,q,u,i,c,k
dress,d,r,e,s,s
share,s,h,a,r,e
alive,a,l,i,v,e
noise,n,o,i,s,e
solid,s,o,l,i,d
cloth,c,l,o,t,h
signs,s,i,g,n,s
hills,h,i,l,l,s
types,t,y,p,e,s
drawn,d,r,a,w,n
worth,w,o,r,t,h
truck,t,r,u,c,k
piano,p,i,a,n,o
upper,u,p,p,e,r
loved,l,o,v,e,d
usual,u,s,u,a,l
faces,f,a,c,e,s
drove,d,r,o,v,e
cabin,c,a,b,i,n
boats,b,o,a,t,s
towns,t,o,w,n,s
proud,p,r,o,u,d
court,c,o,u,r,t
model,m,o,d,e,l
prime,p,r,i,m,e
fifty,f,i,f,t,y
plans,p,l,a,n,s
yards,y,a,r,d,s
prove,p,r,o,v,e
tools,t,o,o,l,s
price,p,r,i,c,e
sheet,s,h,e,e,t
smell,s,m,e,l,l
boxes,b,o,x,e,s
raise,r,a,i,s,e
match,m,a,t,c,h
truth,t,r,u,t,h
roads,r,o,a,d,s
threw,t,h,r,e,w
enemy,e,n,e,m,y
lunch,l,u,n,c,h
chart,c,h,a,r,t
scene,s,c,e,n,e
graph,g,r,a,p,h
doubt,d,o,u,b,t
guide,g,u,i,d,e
winds,w,i,n,d,s
block,b,l,o,c,k
grain,g,r,a,i,n
smoke,s,m,o,k,e
mixed,m,i,x,e,d
games,g,a,m,e,s
wagon,w,a,g,o,n
sweet,s,w,e,e,t
topic,t,o,p,i,c
extra,e,x,t,r,a
plate,p,l,a,t,e
title,t,i,t,l,e
knife,k,n,i,f,e
fence,f,e,n,c,e
falls,f,a,l,l,s
cloud,c,l,o,u,d
wheat,w,h,e,a,t
plays,p,l,a,y,s
enter,e,n,t,e,r
broad,b,r,o,a,d
steam,s,t,e,a,m
atoms,a,t,o,m,s
press,p,r,e,s,s
lying,l,y,i,n,g
basis,b,a,s,i,s
clock,c,l,o,c,k
taste,t,a,s,t,e
grows,g,r,o,w,s
thank,t,h,a,n,k
storm,s,t,o,r,m
agree,a,g,r,e,e
brain,b,r,a,i,n
track,t,r,a,c,k
smile,s,m,i,l,e
funny,f,u,n,n,y
beach,b,e,a,c,h
stock,s,t,o,c,k
hurry,h,u,r,r,y
saved,s,a,v,e,d
sorry,s,o,r,r,y
giant,g,i,a,n,t
trail,t,r,a,i,l
offer,o,f,f,e,r
ought,o,u,g,h,t
rough,r,o,u,g,h
daily,d,a,i,l,y
avoid,a,v,o,i,d
keeps,k,e,e,p,s
throw,t,h,r,o,w
allow,a,l,l,o,w
cream,c,r,e,a,m
laugh,l,a,u,g,h
edges,e,d,g,e,s
teach,t,e,a,c,h
frame,f,r,a,m,e
bells,b,e,l,l,s
dream,d,r,e,a,m
magic,m,a,g,i,c
occur,o,c,c,u,r
ended,e,n,d,e,d
chord,c,h,o,r,d
false,f,a,l,s,e
skill,s,k,i,l,l
holes,h,o,l,e,s
dozen,d,o,z,e,n
brave,b,r,a,v,e
apple,a,p,p,l,e
climb,c,l,i,m,b
outer,o,u,t,e,r
pitch,p,i,t,c,h
ruler,r,u,l,e,r
holds,h,o,l,d,s
fixed,f,i,x,e,d
costs,c,o,s,t,s
calls,c,a,l,l,s
blank,b,l,a,n,k
staff,s,t,a,f,f
labor,l,a,b,o,r
eaten,e,a,t,e,n
youth,y,o,u,t,h
tones,t,o,n,e,s
honor,h,o,n,o,r
globe,g,l,o,b,e
gases,g,a,s,e,s
doors,d,o,o,r,s
poles,p,o,l,e,s
loose,l,o,o,s,e
apply,a,p,p,l,y
tears,t,e,a,r,s
exact,e,x,a,c,t
brush,b,r,u,s,h
chest,c,h,e,s,t
layer,l,a,y,e,r
whale,w,h,a,l,e
minor,m,i,n,o,r
faith,f,a,i,t,h
tests,t,e,s,t,s
judge,j,u,d,g,e
items,i,t,e,m,s
worry,w,o,r,r,y
waste,w,a,s,t,e
hoped,h,o,p,e,d
strip,s,t,r,i,p
begun,b,e,g,u,n
aside,a,s,i,d,e
lakes,l,a,k,e,s
bound,b,o,u,n,d
depth,d,e,p,t,h
candy,c,a,n,d,y
event,e,v,e,n,t
worse,w,o,r,s,e
aware,a,w,a,r,e
shell,s,h,e,l,l
rooms,r,o,o,m,s
ranch,r,a,n,c,h
image,i,m,a,g,e
snake,s,n,a,k,e
aloud,a,l,o,u,d
dried,d,r,i,e,d
likes,l,i,k,e,s
motor,m,o,t,o,r
pound,p,o,u,n,d
knees,k,n,e,e,s
refer,r,e,f,e,r
fully,f,u,l,l,y
chain,c,h,a,i,n
shirt,s,h,i,r,t
flour,f,l,o,u,r
drops,d,r,o,p,s
spite,s,p,i,t,e
orbit,o,r,b,i,t
banks,b,a,n,k,s
shoot,s,h,o,o,t
curve,c,u,r,v,e
tribe,t,r,i,b,e
tight,t,i,g,h,t
blind,b,l,i,n,d
slept,s,l,e,p,t
shade,s,h,a,d,e
claim,c,l,a,i,m
flies,f,l,i,e,s
theme,t,h,e,m,e
queen,q,u,e,e,n
fifth,f,i,f,t,h
union,u,n,i,o,n
hence,h,e,n,c,e
straw,s,t,r,a,w
entry,e,n,t,r,y
issue,i,s,s,u,e
birth,b,i,r,t,h
feels,f,e,e,l,s
anger,a,n,g,e,r
brief,b,r,i,e,f
rhyme,r,h,y,m,e
glory,g,l,o,r,y
guard,g,u,a,r,d
flows,f,l,o,w,s
flesh,f,l,e,s,h
owned,o,w,n,e,d
trick,t,r,i,c,k
yours,y,o,u,r,s
sizes,s,i,z,e,s
noted,n,o,t,e,d
width,w,i,d,t,h
burst,b,u,r,s,t
route,r,o,u,t,e
lungs,l,u,n,g,s
uncle,u,n,c,l,e
bears,b,e,a,r,s
royal,r,o,y,a,l
kings,k,i,n,g,s
forty,f,o,r,t,y
trial,t,r,i,a,l
cards,c,a,r,d,s
brass,b,r,a,s,s
opera,o,p,e,r,a
chose,c,h,o,s,e
owner,o,w,n,e,r
vapor,v,a,p,o,r
beats,b,e,a,t,s
mouse,m,o,u,s,e
tough,t,o,u,g,h
wires,w,i,r,e,s
meter,m,e,t,e,r
tower,t,o,w,e,r
finds,f,i,n,d,s
inner,i,n,n,e,r
stuck,s,t,u,c,k
arrow,a,r,r,o,w
poems,p,o,e,m,s
label,l,a,b,e,l
swing,s,w,i,n,g
solar,s,o,l,a,r
truly,t,r,u,l,y
tense,t,e,n,s,e
beans,b,e,a,n,s
split,s,p,l,i,t
rises,r,i,s,e,s
weigh,w,e,i,g,h
hotel,h,o,t,e,l
stems,s,t,e,m,s
pride,p,r,i,d,e
swung,s,w,u,n,g
grade,g,r,a,d,e
digit,d,i,g,i,t
badly,b,a,d,l,y
boots,b,o,o,t,s
pilot,p,i,l,o,t
sales,s,a,l,e,s
swept,s,w,e,p,t
lucky,l,u,c,k,y
prize,p,r,i,z,e
stove,s,t,o,v,e
tubes,t,u,b,e,s
acres,a,c,r,e,s
wound,w,o,u,n,d
steep,s,t,e,e,p
slide,s,l,i,d,e
trunk,t,r,u,n,k
error,e,r,r,o,r
porch,p,o,r,c,h
slave,s,l,a,v,e
exist,e,x,i,s,t
faced,f,a,c,e,d
mines,m,i,n,e,s
marry,m,a,r,r,y
juice,j,u,i,c,e
raced,r,a,c,e,d
waved,w,a,v,e,d
goose,g,o,o,s,e
trust,t,r,u,s,t
fewer,f,e,w,e,r
favor,f,a,v,o,r
mills,m,i,l,l,s
views,v,i,e,w,s
joint,j,o,i,n,t
eager,e,a,g,e,r
spots,s,p,o,t,s
blend,b,l,e,n,d
rings,r,i,n,g,s
adult,a,d,u,l,t
index,i,n,d,e,x
nails,n,a,i,l,s
horns,h,o,r,n,s
balls,b,a,l,l,s
flame,f,l,a,m,e
rates,r,a,t,e,s
drill,d,r,i,l,l
trace,t,r,a,c,e
skins,s,k,i,n,s
waxed,w,a,x,e,d
seats,s,e,a,t,s
stuff,s,t,u,f,f
ratio,r,a,t,i,o
minds,m,i,n,d,s
dirty,d,i,r,t,y
silly,s,i,l,l,y
coins,c,o,i,n,s
hello,h,e,l,l,o
trips,t,r,i,p,s
leads,l,e,a,d,s
rifle,r,i,f,l,e
hopes,h,o,p,e,s
bases,b,a,s,e,s
shine,s,h,i,n,e
bench,b,e,n,c,h
moral,m,o,r,a,l
fires,f,i,r,e,s
meals,m,e,a,l,s
shake,s,h,a,k,e
shops,s,h,o,p,s
cycle,c,y,c,l,e
movie,m,o,v,i,e
slope,s,l,o,p,e
canoe,c,a,n,o,e
teams,t,e,a,m,s
folks,f,o,l,k,s
fired,f,i,r,e,d
bands,b,a,n,d,s
thumb,t,h,u,m,b
shout,s,h,o,u,t
canal,c,a,n,a,l
habit,h,a,b,i,t
reply,r,e,p,l,y
ruled,r,u,l,e,d
fever,f,e,v,e,r
crust,c,r,u,s,t
shelf,s,h,e,l,f
walks,w,a,l,k,s
midst,m,i,d,s,t
crack,c,r,a,c,k
print,p,r,i,n,t
tales,t,a,l,e,s
coach,c,o,a,c,h
stiff,s,t,i,f,f
flood,f,l,o,o,d
verse,v,e,r,s,e
awake,a,w,a,k,e
rocky,r,o,c,k,y
march,m,a,r,c,h
fault,f,a,u,l,t
swift,s,w,i,f,t
faint,f,a,i,n,t
civil,c,i,v,i,l
ghost,g,h,o,s,t
feast,f,e,a,s,t
blade,b,l,a,d,e
limit,l,i,m,i,t
germs,g,e,r,m,s
reads,r,e,a,d,s
ducks,d,u,c,k,s
dairy,d,a,i,r,y
worst,w,o,r,s,t
gifts,g,i,f,t,s
lists,l,i,s,t,s
stops,s,t,o,p,s
rapid,r,a,p,i,d
brick,b,r,i,c,k
claws,c,l,a,w,s
beads,b,e,a,d,s
beast,b,e,a,s,t
skirt,s,k,i,r,t
cakes,c,a,k,e,s
lions,l,i,o,n,s
frogs,f,r,o,g,s
tries,t,r,i,e,s
nerve,n,e,r,v,e
grand,g,r,a,n,d
armed,a,r,m,e,d
treat,t,r,e,a,t
honey,h,o,n,e,y
moist,m,o,i,s,t
legal,l,e,g,a,l
penny,p,e,n,n,y
crown,c,r,o,w,n
shock,s,h,o,c,k
taxes,t,a,x,e,s
sixty,s,i,x,t,y
altar,a,l,t,a,r
pulls,p,u,l,l,s
sport,s,p,o,r,t
drums,d,r,u,m,s
talks,t,a,l,k,s
dying,d,y,i,n,g
dates,d,a,t,e,s
drank,d,r,a,n,k
blows,b,l,o,w,s
lever,l,e,v,e,r
wages,w,a,g,e,s
proof,p,r,o,o,f
drugs,d,r,u,g,s
tanks,t,a,n,k,s
sings,s,i,n,g,s
tails,t,a,i,l,s
pause,p,a,u,s,e
herds,h,e,r,d,s
arose,a,r,o,s,e
hated,h,a,t,e,d
clues,c,l,u,e,s
novel,n,o,v,e,l
shame,s,h,a,m,e
burnt,b,u,r,n,t
races,r,a,c,e,s
flash,f,l,a,s,h
weary,w,e,a,r,y
heels,h,e,e,l,s
token,t,o,k,e,n
coats,c,o,a,t,s
spare,s,p,a,r,e
shiny,s,h,i,n,y
alarm,a,l,a,r,m
dimes,d,i,m,e,s
sixth,s,i,x,t,h
clerk,c,l,e,r,k
mercy,m,e,r,c,y
sunny,s,u,n,n,y
guest,g,u,e,s,t
float,f,l,o,a,t
shone,s,h,o,n,e
pipes,p,i,p,e,s
worms,w,o,r,m,s
bills,b,i,l,l,s
sweat,s,w,e,a,t
suits,s,u,i,t,s
smart,s,m,a,r,t
upset,u,p,s,e,t
rains,r,a,i,n,s
sandy,s,a,n,d,y
rainy,r,a,i,n,y
parks,p,a,r,k,s
sadly,s,a,d,l,y
fancy,f,a,n,c,y
rider,r,i,d,e,r
unity,u,n,i,t,y
bunch,b,u,n,c,h
rolls,r,o,l,l,s
crash,c,r,a,s,h
craft,c,r,a,f,t
newly,n,e,w,l,y
gates,g,a,t,e,s
hatch,h,a,t,c,h
paths,p,a,t,h,s
funds,f,u,n,d,s
wider,w,i,d,e,r
grace,g,r,a,c,e
grave,g,r,a,v,e
tides,t,i,d,e,s
admit,a,d,m,i,t
shift,s,h,i,f,t
sails,s,a,i,l,s
pupil,p,u,p,i,l
tiger,t,i,g,e,r
angel,a,n,g,e,l
cruel,c,r,u,e,l
agent,a,g,e,n,t
drama,d,r,a,m,a
urged,u,r,g,e,d
patch,p,a,t,c,h
nests,n,e,s,t,s
vital,v,i,t,a,l
sword,s,w,o,r,d
blame,b,l,a,m,e
weeds,w,e,e,d,s
screw,s,c,r,e,w
vocal,v,o,c,a,l
bacon,b,a,c,o,n
chalk,c,h,a,l,k
cargo,c,a,r,g,o
crazy,c,r,a,z,y
acted,a,c,t,e,d
goats,g,o,a,t,s
arise,a,r,i,s,e
witch,w,i,t,c,h
loves,l,o,v,e,s
queer,q,u,e,e,r
dwell,d,w,e,l,l
backs,b,a,c,k,s
ropes,r,o,p,e,s
shots,s,h,o,t,s
merry,m,e,r,r,y
phone,p,h,o,n,e
cheek,c,h,e,e,k
peaks,p,e,a,k,s
ideal,i,d,e,a,l
beard,b,e,a,r,d
eagle,e,a,g,l,e
creek,c,r,e,e,k
cries,c,r,i,e,s
ashes,a,s,h,e,s
stall,s,t,a,l,l
yield,y,i,e,l,d
mayor,m,a,y,o,r
opens,o,p,e,n,s
input,i,n,p,u,t
fleet,f,l,e,e,t
tooth,t,o,o,t,h
cubic,c,u,b,i,c
wives,w,i,v,e,s
burns,b,u,r,n,s
poets,p,o,e,t,s
apron,a,p,r,o,n
spear,s,p,e,a,r
organ,o,r,g,a,n
cliff,c,l,i,f,f
stamp,s,t,a,m,p
paste,p,a,s,t,e
rural,r,u,r,a,l
baked,b,a,k,e,d
chase,c,h,a,s,e
slice,s,l,i,c,e
slant,s,l,a,n,t
knock,k,n,o,c,k
noisy,n,o,i,s,y
sorts,s,o,r,t,s
stays,s,t,a,y,s
wiped,w,i,p,e,d
blown,b,l,o,w,n
piled,p,i,l,e,d
clubs,c,l,u,b,s
cheer,c,h,e,e,r
widow,w,i,d,o,w
twist,t,w,i,s,t
tenth,t,e,n,t,h
hides,h,i,d,e,s
comma,c,o,m,m,a
sweep,s,w,e,e,p
spoon,s,p,o,o,n
stern,s,t,e,r,n
crept,c,r,e,p,t
maple,m,a,p,l,e
deeds,d,e,e,d,s
rides,r,i,d,e,s
muddy,m,u,d,d,y
crime,c,r,i,m,e
jelly,j,e,l,l,y
ridge,r,i,d,g,e
drift,d,r,i,f,t
dusty,d,u,s,t,y
devil,d,e,v,i,l
tempo,t,e,m,p,o
humor,h,u,m,o,r
sends,s,e,n,d,s
steal,s,t,e,a,l
tents,t,e,n,t,s
waist,w,a,i,s,t
roses,r,o,s,e,s
reign,r,e,i,g,n
noble,n,o,b,l,e
cheap,c,h,e,a,p
dense,d,e,n,s,e
linen,l,i,n,e,n
geese,g,e,e,s,e
woven,w,o,v,e,n
posts,p,o,s,t,s
hired,h,i,r,e,d
wrath,w,r,a,t,h
salad,s,a,l,a,d
bowed,b,o,w,e,d
tires,t,i,r,e,s
shark,s,h,a,r,k
belts,b,e,l,t,s
grasp,g,r,a,s,p
blast,b,l,a,s,t
polar,p,o,l,a,r
fungi,f,u,n,g,i
tends,t,e,n,d,s
pearl,p,e,a,r,l
loads,l,o,a,d,s
jokes,j,o,k,e,s
veins,v,e,i,n,s
frost,f,r,o,s,t
hears,h,e,a,r,s
loses,l,o,s,e,s
hosts,h,o,s,t,s
diver,d,i,v,e,r
phase,p,h,a,s,e
toads,t,o,a,d,s
alert,a,l,e,r,t
tasks,t,a,s,k,s
seams,s,e,a,m,s
coral,c,o,r,a,l
focus,f,o,c,u,s
naked,n,a,k,e,d
puppy,p,u,p,p,y
jumps,j,u,m,p,s
spoil,s,p,o,i,l
quart,q,u,a,r,t
macro,m,a,c,r,o
fears,f,e,a,r,s
flung,f,l,u,n,g
spark,s,p,a,r,k
vivid,v,i,v,i,d
brook,b,r,o,o,k
steer,s,t,e,e,r
spray,s,p,r,a,y
decay,d,e,c,a,y
ports,p,o,r,t,s
socks,s,o,c,k,s
urban,u,r,b,a,n
goals,g,o,a,l,s
grant,g,r,a,n,t
minus,m,i,n,u,s
films,f,i,l,m,s
tunes,t,u,n,e,s
shaft,s,h,a,f,t
firms,f,i,r,m,s
skies,s,k,i,e,s
bride,b,r,i,d,e
wreck,w,r,e,c,k
flock,f,l,o,c,k
stare,s,t,a,r,e
hobby,h,o,b,b,y
bonds,b,o,n,d,s
dared,d,a,r,e,d
faded,f,a,d,e,d
thief,t,h,i,e,f
crude,c,r,u,d,e
pants,p,a,n,t,s
flute,f,l,u,t,e
votes,v,o,t,e,s
tonal,t,o,n,a,l
radar,r,a,d,a,r
wells,w,e,l,l,s
skull,s,k,u,l,l
hairs,h,a,i,r,s
argue,a,r,g,u,e
wears,w,e,a,r,s
dolls,d,o,l,l,s
voted,v,o,t,e,d
caves,c,a,v,e,s
cared,c,a,r,e,d
broom,b,r,o,o,m
scent,s,c,e,n,t
panel,p,a,n,e,l
fairy,f,a,i,r,y
olive,o,l,i,v,e
bends,b,e,n,d,s
prism,p,r,i,s,m
lamps,l,a,m,p,s
cable,c,a,b,l,e
peach,p,e,a,c,h
ruins,r,u,i,n,s
rally,r,a,l,l,y
schwa,s,c,h,w,a
lambs,l,a,m,b,s
sells,s,e,l,l,s
cools,c,o,o,l,s
draft,d,r,a,f,t
charm,c,h,a,r,m
limbs,l,i,m,b,s
brake,b,r,a,k,e
gazed,g,a,z,e,d
cubes,c,u,b,e,s
delay,d,e,l,a,y
beams,b,e,a,m,s
fetch,f,e,t,c,h
ranks,r,a,n,k,s
array,a,r,r,a,y
harsh,h,a,r,s,h
camel,c,a,m,e,l
vines,v,i,n,e,s
picks,p,i,c,k,s
naval,n,a,v,a,l
purse,p,u,r,s,e
rigid,r,i,g,i,d
crawl,c,r,a,w,l
toast,t,o,a,s,t
soils,s,o,i,l,s
sauce,s,a,u,c,e
basin,b,a,s,i,n
ponds,p,o,n,d,s
twins,t,w,i,n,s
wrist,w,r,i,s,t
fluid,f,l,u,i,d
pools,p,o,o,l,s
brand,b,r,a,n,d
stalk,s,t,a,l,k
robot,r,o,b,o,t
reeds,r,e,e,d,s
hoofs,h,o,o,f,s
buses,b,u,s,e,s
sheer,s,h,e,e,r
grief,g,r,i,e,f
bloom,b,l,o,o,m
dwelt,d,w,e,l,t
melts,m,e,l,t,s
risen,r,i,s,e,n
flags,f,l,a,g,s
knelt,k,n,e,l,t
fiber,f,i,b,e,r
roofs,r,o,o,f,s
freed,f,r,e,e,d
armor,a,r,m,o,r
piles,p,i,l,e,s
aimed,a,i,m,e,d
algae,a,l,g,a,e
twigs,t,w,i,g,s
lemon,l,e,m,o,n
ditch,d,i,t,c,h
drunk,d,r,u,n,k
rests,r,e,s,t,s
chill,c,h,i,l,l
slain,s,l,a,i,n
panic,p,a,n,i,c
cords,c,o,r,d,s
tuned,t,u,n,e,d
crisp,c,r,i,s,p
ledge,l,e,d,g,e
dived,d,i,v,e,d
swamp,s,w,a,m,p
clung,c,l,u,n,g
stole,s,t,o,l,e
molds,m,o,l,d,s
yarns,y,a,r,n,s
liver,l,i,v,e,r
gauge,g,a,u,g,e
breed,b,r,e,e,d
stool,s,t,o,o,l
gulls,g,u,l,l,s
awoke,a,w,o,k,e
gross,g,r,o,s,s
diary,d,i,a,r,y
rails,r,a,i,l,s
belly,b,e,l,l,y
trend,t,r,e,n,d
flask,f,l,a,s,k
stake,s,t,a,k,e
fried,f,r,i,e,d
draws,d,r,a,w,s
actor,a,c,t,o,r
handy,h,a,n,d,y
bowls,b,o,w,l,s
haste,h,a,s,t,e
scope,s,c,o,p,e
deals,d,e,a,l,s
knots,k,n,o,t,s
moons,m,o,o,n,s
essay,e,s,s,a,y
thump,t,h,u,m,p
hangs,h,a,n,g,s
bliss,b,l,i,s,s
dealt,d,e,a,l,t
gains,g,a,i,n,s
bombs,b,o,m,b,s
clown,c,l,o,w,n
palms,p,a,l,m,s
cones,c,o,n,e,s
roast,r,o,a,s,t
tidal,t,i,d,a,l
bored,b,o,r,e,d
chant,c,h,a,n,t
acids,a,c,i,d,s
dough,d,o,u,g,h
camps,c,a,m,p,s
swore,s,w,o,r,e
lover,l,o,v,e,r
hooks,h,o,o,k,s
males,m,a,l,e,s
cocoa,c,o,c,o,a
punch,p,u,n,c,h
award,a,w,a,r,d
reins,r,e,i,n,s
ninth,n,i,n,t,h
noses,n,o,s,e,s
links,l,i,n,k,s
drain,d,r,a,i,n
fills,f,i,l,l,s
nylon,n,y,l,o,n
lunar,l,u,n,a,r
pulse,p,u,l,s,e
flown,f,l,o,w,n
elbow,e,l,b,o,w
fatal,f,a,t,a,l
sites,s,i,t,e,s
moths,m,o,t,h,s
meats,m,e,a,t,s
foxes,f,o,x,e,s
mined,m,i,n,e,d
attic,a,t,t,i,c
fiery,f,i,e,r,y
mount,m,o,u,n,t
usage,u,s,a,g,e
swear,s,w,e,a,r
snowy,s,n,o,w,y
rusty,r,u,s,t,y
scare,s,c,a,r,e
traps,t,r,a,p,s
relax,r,e,l,a,x
react,r,e,a,c,t
valid,v,a,l,i,d
robin,r,o,b,i,n
cease,c,e,a,s,e
gills,g,i,l,l,s
prior,p,r,i,o,r
safer,s,a,f,e,r
polio,p,o,l,i,o
loyal,l,o,y,a,l
swell,s,w,e,l,l
salty,s,a,l,t,y
marsh,m,a,r,s,h
vague,v,a,g,u,e
weave,w,e,a,v,e
mound,m,o,u,n,d
seals,s,e,a,l,s
mules,m,u,l,e,s
virus,v,i,r,u,s
scout,s,c,o,u,t
acute,a,c,u,t,e
windy,w,i,n,d,y
stout,s,t,o,u,t
folds,f,o,l,d,s
seize,s,e,i,z,e
hilly,h,i,l,l,y
joins,j,o,i,n,s
pluck,p,l,u,c,k
stack,s,t,a,c,k
lords,l,o,r,d,s
dunes,d,u,n,e,s
burro,b,u,r,r,o
hawks,h,a,w,k,s
trout,t,r,o,u,t
feeds,f,e,e,d,s
scarf,s,c,a,r,f
halls,h,a,l,l,s
coals,c,o,a,l,s
towel,t,o,w,e,l
souls,s,o,u,l,s
elect,e,l,e,c,t
buggy,b,u,g,g,y
pumps,p,u,m,p,s
loans,l,o,a,n,s
spins,s,p,i,n,s
files,f,i,l,e,s
oxide,o,x,i,d,e
pains,p,a,i,n,s
photo,p,h,o,t,o
rival,r,i,v,a,l
flats,f,l,a,t,s
syrup,s,y,r,u,p
rodeo,r,o,d,e,o
sands,s,a,n,d,s
moose,m,o,o,s,e
pints,p,i,n,t,s
curly,c,u,r,l,y
comic,c,o,m,i,c
cloak,c,l,o,a,k
onion,o,n,i,o,n
clams,c,l,a,m,s
scrap,s,c,r,a,p
didst,d,i,d,s,t
couch,c,o,u,c,h
codes,c,o,d,e,s
fails,f,a,i,l,s
ounce,o,u,n,c,e
lodge,l,o,d,g,e
greet,g,r,e,e,t
gypsy,g,y,p,s,y
utter,u,t,t,e,r
paved,p,a,v,e,d
zones,z,o,n,e,s
fours,f,o,u,r,s
alley,a,l,l,e,y
tiles,t,i,l,e,s
bless,b,l,e,s,s
crest,c,r,e,s,t
elder,e,l,d,e,r
kills,k,i,l,l,s
yeast,y,e,a,s,t
erect,e,r,e,c,t
bugle,b,u,g,l,e
medal,m,e,d,a,l
roles,r,o,l,e,s
hound,h,o,u,n,d
snail,s,n,a,i,l
alter,a,l,t,e,r
ankle,a,n,k,l,e
relay,r,e,l,a,y
loops,l,o,o,p,s
zeros,z,e,r,o,s
bites,b,i,t,e,s
modes,m,o,d,e,s
debts,d,e,b,t,s
realm,r,e,a,l,m
glove,g,l,o,v,e
rayon,r,a,y,o,n
swims,s,w,i,m,s
poked,p,o,k,e,d
stray,s,t,r,a,y
lifts,l,i,f,t,s
maker,m,a,k,e,r
lumps,l,u,m,p,s
graze,g,r,a,z,e
dread,d,r,e,a,d
barns,b,a,r,n,s
docks,d,o,c,k,s
masts,m,a,s,t,s
pours,p,o,u,r,s
wharf,w,h,a,r,f
curse,c,u,r,s,e
plump,p,l,u,m,p
robes,r,o,b,e,s
seeks,s,e,e,k,s
cedar,c,e,d,a,r
curls,c,u,r,l,s
jolly,j,o,l,l,y
myths,m,y,t,h,s
cages,c,a,g,e,s
gloom,g,l,o,o,m
locks,l,o,c,k,s
pedal,p,e,d,a,l
beets,b,e,e,t,s
crows,c,r,o,w,s
anode,a,n,o,d,e
slash,s,l,a,s,h
creep,c,r,e,e,p
rowed,r,o,w,e,d
chips,c,h,i,p,s
fists,f,i,s,t,s
wines,w,i,n,e,s
cares,c,a,r,e,s
valve,v,a,l,v,e
newer,n,e,w,e,r
motel,m,o,t,e,l
ivory,i,v,o,r,y
necks,n,e,c,k,s
clamp,c,l,a,m,p
barge,b,a,r,g,e
blues,b,l,u,e,s
alien,a,l,i,e,n
frown,f,r,o,w,n
strap,s,t,r,a,p
crews,c,r,e,w,s
shack,s,h,a,c,k
gonna,g,o,n,n,a
saves,s,a,v,e,s
stump,s,t,u,m,p
ferry,f,e,r,r,y
idols,i,d,o,l,s
cooks,c,o,o,k,s
juicy,j,u,i,c,y
glare,g,l,a,r,e
carts,c,a,r,t,s
alloy,a,l,l,o,y
bulbs,b,u,l,b,s
lawns,l,a,w,n,s
lasts,l,a,s,t,s
fuels,f,u,e,l,s
oddly,o,d,d,l,y
crane,c,r,a,n,e
filed,f,i,l,e,d
weird,w,e,i,r,d
shawl,s,h,a,w,l
slips,s,l,i,p,s
troop,t,r,o,o,p
bolts,b,o,l,t,s
suite,s,u,i,t,e
sleek,s,l,e,e,k
quilt,q,u,i,l,t
tramp,t,r,a,m,p
blaze,b,l,a,z,e
atlas,a,t,l,a,s
odors,o,d,o,r,s
scrub,s,c,r,u,b
crabs,c,r,a,b,s
probe,p,r,o,b,e
logic,l,o,g,i,c
adobe,a,d,o,b,e
exile,e,x,i,l,e
rebel,r,e,b,e,l
grind,g,r,i,n,d
sting,s,t,i,n,g
spine,s,p,i,n,e
cling,c,l,i,n,g
desks,d,e,s,k,s
grove,g,r,o,v,e
leaps,l,e,a,p,s
prose,p,r,o,s,e
lofty,l,o,f,t,y
agony,a,g,o,n,y
snare,s,n,a,r,e
tusks,t,u,s,k,s
bulls,b,u,l,l,s
moods,m,o,o,d,s
humid,h,u,m,i,d
finer,f,i,n,e,r
dimly,d,i,m,l,y
plank,p,l,a,n,k
china,c,h,i,n,a
pines,p,i,n,e,s
guilt,g,u,i,l,t
sacks,s,a,c,k,s
brace,b,r,a,c,e
quote,q,u,o,t,e
lathe,l,a,t,h,e
gaily,g,a,i,l,y
fonts,f,o,n,t,s
scalp,s,c,a,l,p
adopt,a,d,o,p,t
foggy,f,o,g,g,y
ferns,f,e,r,n,s
grams,g,r,a,m,s
clump,c,l,u,m,p
perch,p,e,r,c,h
tumor,t,u,m,o,r
teens,t,e,e,n,s
crank,c,r,a,n,k
fable,f,a,b,l,e
hedge,h,e,d,g,e
genes,g,e,n,e,s
sober,s,o,b,e,r
boast,b,o,a,s,t
tract,t,r,a,c,t
cigar,c,i,g,a,r
unite,u,n,i,t,e
owing,o,w,i,n,g
thigh,t,h,i,g,h
haiku,h,a,i,k,u
swish,s,w,i,s,h
dikes,d,i,k,e,s
wedge,w,e,d,g,e
booth,b,o,o,t,h
eased,e,a,s,e,d
frail,f,r,a,i,l
cough,c,o,u,g,h
tombs,t,o,m,b,s
darts,d,a,r,t,s
forts,f,o,r,t,s
choir,c,h,o,i,r
pouch,p,o,u,c,h
pinch,p,i,n,c,h
hairy,h,a,i,r,y
buyer,b,u,y,e,r
torch,t,o,r,c,h
vigor,v,i,g,o,r
waltz,w,a,l,t,z
heats,h,e,a,t,s
herbs,h,e,r,b,s
users,u,s,e,r,s
flint,f,l,i,n,t
click,c,l,i,c,k
madam,m,a,d,a,m
bleak,b,l,e,a,k
blunt,b,l,u,n,t
aided,a,i,d,e,d
lacks,l,a,c,k,s
masks,m,a,s,k,s
waded,w,a,d,e,d
risks,r,i,s,k,s
nurse,n,u,r,s,e
chaos,c,h,a,o,s
sewed,s,e,w,e,d
cured,c,u,r,e,d
ample,a,m,p,l,e
lease,l,e,a,s,e
steak,s,t,e,a,k
sinks,s,i,n,k,s
merit,m,e,r,i,t
bluff,b,l,u,f,f
bathe,b,a,t,h,e
gleam,g,l,e,a,m
bonus,b,o,n,u,s
colts,c,o,l,t,s
shear,s,h,e,a,r
gland,g,l,a,n,d
silky,s,i,l,k,y
skate,s,k,a,t,e
birch,b,i,r,c,h
anvil,a,n,v,i,l
sleds,s,l,e,d,s
groan,g,r,o,a,n
maids,m,a,i,d,s
meets,m,e,e,t,s
speck,s,p,e,c,k
hymns,h,y,m,n,s
hints,h,i,n,t,s
drown,d,r,o,w,n
bosom,b,o,s,o,m
slick,s,l,i,c,k
quest,q,u,e,s,t
coils,c,o,i,l,s
spied,s,p,i,e,d
snows,s,n,o,w,s
stead,s,t,e,a,d
snack,s,n,a,c,k
plows,p,l,o,w,s
blond,b,l,o,n,d
tamed,t,a,m,e,d
thorn,t,h,o,r,n
waits,w,a,i,t,s
glued,g,l,u,e,d
banjo,b,a,n,j,o
tease,t,e,a,s,e
arena,a,r,e,n,a
bulky,b,u,l,k,y
carve,c,a,r,v,e
stunt,s,t,u,n,t
warms,w,a,r,m,s
shady,s,h,a,d,y
razor,r,a,z,o,r
folly,f,o,l,l,y
leafy,l,e,a,f,y
notch,n,o,t,c,h
fools,f,o,o,l,s
otter,o,t,t,e,r
pears,p,e,a,r,s
flush,f,l,u,s,h
genus,g,e,n,u,s
ached,a,c,h,e,d
fives,f,i,v,e,s
flaps,f,l,a,p,s
spout,s,p,o,u,t
smote,s,m,o,t,e
fumes,f,u,m,e,s
adapt,a,d,a,p,t
cuffs,c,u,f,f,s
tasty,t,a,s,t,y
stoop,s,t,o,o,p
clips,c,l,i,p,s
disks,d,i,s,k,s
sniff,s,n,i,f,f
lanes,l,a,n,e,s
brisk,b,r,i,s,k
imply,i,m,p,l,y
demon,d,e,m,o,n
super,s,u,p,e,r
furry,f,u,r,r,y
raged,r,a,g,e,d
growl,g,r,o,w,l
texts,t,e,x,t,s
hardy,h,a,r,d,y
stung,s,t,u,n,g
typed,t,y,p,e,d
hates,h,a,t,e,s
wiser,w,i,s,e,r
timid,t,i,m,i,d
serum,s,e,r,u,m
beaks,b,e,a,k,s
rotor,r,o,t,o,r
casts,c,a,s,t,s
baths,b,a,t,h,s
glide,g,l,i,d,e
plots,p,l,o,t,s
trait,t,r,a,i,t
resin,r,e,s,i,n
slums,s,l,u,m,s
lyric,l,y,r,i,c
puffs,p,u,f,f,s
decks,d,e,c,k,s
brood,b,r,o,o,d
mourn,m,o,u,r,n
aloft,a,l,o,f,t
abuse,a,b,u,s,e
whirl,w,h,i,r,l
edged,e,d,g,e,d
ovary,o,v,a,r,y
quack,q,u,a,c,k
heaps,h,e,a,p,s
slang,s,l,a,n,g
await,a,w,a,i,t
civic,c,i,v,i,c
saint,s,a,i,n,t
bevel,b,e,v,e,l
sonar,s,o,n,a,r
aunts,a,u,n,t,s
packs,p,a,c,k,s
froze,f,r,o,z,e
tonic,t,o,n,i,c
corps,c,o,r,p,s
swarm,s,w,a,r,m
frank,f,r,a,n,k
repay,r,e,p,a,y
gaunt,g,a,u,n,t
wired,w,i,r,e,d
niece,n,i,e,c,e
cello,c,e,l,l,o
needy,n,e,e,d,y
chuck,c,h,u,c,k
stony,s,t,o,n,y
media,m,e,d,i,a
surge,s,u,r,g,e
hurts,h,u,r,t,s
repel,r,e,p,e,l
husky,h,u,s,k,y
dated,d,a,t,e,d
hunts,h,u,n,t,s
mists,m,i,s,t,s
exert,e,x,e,r,t
dries,d,r,i,e,s
mates,m,a,t,e,s
sworn,s,w,o,r,n
baker,b,a,k,e,r
spice,s,p,i,c,e
oasis,o,a,s,i,s
boils,b,o,i,l,s
spurs,s,p,u,r,s
doves,d,o,v,e,s
sneak,s,n,e,a,k
paces,p,a,c,e,s
colon,c,o,l,o,n
siege,s,i,e,g,e
strum,s,t,r,u,m
drier,d,r,i,e,r
cacao,c,a,c,a,o
humus,h,u,m,u,s
bales,b,a,l,e,s
piped,p,i,p,e,d
nasty,n,a,s,t,y
rinse,r,i,n,s,e
boxer,b,o,x,e,r
shrub,s,h,r,u,b
amuse,a,m,u,s,e
tacks,t,a,c,k,s
cited,c,i,t,e,d
slung,s,l,u,n,g
delta,d,e,l,t,a
laden,l,a,d,e,n
larva,l,a,r,v,a
rents,r,e,n,t,s
yells,y,e,l,l,s
spool,s,p,o,o,l
spill,s,p,i,l,l
crush,c,r,u,s,h
jewel,j,e,w,e,l
snaps,s,n,a,p,s
stain,s,t,a,i,n
kicks,k,i,c,k,s
tying,t,y,i,n,g
slits,s,l,i,t,s
rated,r,a,t,e,d
eerie,e,e,r,i,e
smash,s,m,a,s,h
plums,p,l,u,m,s
zebra,z,e,b,r,a
earns,e,a,r,n,s
bushy,b,u,s,h,y
scary,s,c,a,r,y
squad,s,q,u,a,d
tutor,t,u,t,o,r
silks,s,i,l,k,s
slabs,s,l,a,b,s
bumps,b,u,m,p,s
evils,e,v,i,l,s
fangs,f,a,n,g,s
snout,s,n,o,u,t
peril,p,e,r,i,l
pivot,p,i,v,o,t
yacht,y,a,c,h,t
lobby,l,o,b,b,y
jeans,j,e,a,n,s
grins,g,r,i,n,s
viola,v,i,o,l,a
liner,l,i,n,e,r
comet,c,o,m,e,t
scars,s,c,a,r,s
chops,c,h,o,p,s
raids,r,a,i,d,s
eater,e,a,t,e,r
slate,s,l,a,t,e
skips,s,k,i,p,s
soles,s,o,l,e,s
misty,m,i,s,t,y
urine,u,r,i,n,e
knobs,k,n,o,b,s
sleet,s,l,e,e,t
holly,h,o,l,l,y
pests,p,e,s,t,s
forks,f,o,r,k,s
grill,g,r,i,l,l
trays,t,r,a,y,s
pails,p,a,i,l,s
borne,b,o,r,n,e
tenor,t,e,n,o,r
wares,w,a,r,e,s
carol,c,a,r,o,l
woody,w,o,o,d,y
canon,c,a,n,o,n
wakes,w,a,k,e,s
kitty,k,i,t,t,y
miner,m,i,n,e,r
polls,p,o,l,l,s
shaky,s,h,a,k,y
nasal,n,a,s,a,l
scorn,s,c,o,r,n
chess,c,h,e,s,s
taxis,t,a,x,i,s
crate,c,r,a,t,e
shyly,s,h,y,l,y
tulip,t,u,l,i,p
forge,f,o,r,g,e
nymph,n,y,m,p,h
budge,b,u,d,g,e
lowly,l,o,w,l,y
abide,a,b,i,d,e
depot,d,e,p,o,t
oases,o,a,s,e,s
asses,a,s,s,e,s
sheds,s,h,e,d,s
fudge,f,u,d,g,e
pills,p,i,l,l,s
rivet,r,i,v,e,t
thine,t,h,i,n,e
groom,g,r,o,o,m
lanky,l,a,n,k,y
boost,b,o,o,s,t
broth,b,r,o,t,h
heave,h,e,a,v,e
gravy,g,r,a,v,y
beech,b,e,e,c,h
timed,t,i,m,e,d
quail,q,u,a,i,l
inert,i,n,e,r,t
gears,g,e,a,r,s
chick,c,h,i,c,k
hinge,h,i,n,g,e
trash,t,r,a,s,h
clash,c,l,a,s,h
sighs,s,i,g,h,s
renew,r,e,n,e,w
bough,b,o,u,g,h
dwarf,d,w,a,r,f
slows,s,l,o,w,s
quill,q,u,i,l,l
shave,s,h,a,v,e
spore,s,p,o,r,e
sixes,s,i,x,e,s
chunk,c,h,u,n,k
madly,m,a,d,l,y
paced,p,a,c,e,d
braid,b,r,a,i,d
fuzzy,f,u,z,z,y
motto,m,o,t,t,o
spies,s,p,i,e,s
slack,s,l,a,c,k
mucus,m,u,c,u,s
magma,m,a,g,m,a
awful,a,w,f,u,l
discs,d,i,s,c,s
erase,e,r,a,s,e
posed,p,o,s,e,d
asset,a,s,s,e,t
cider,c,i,d,e,r
taper,t,a,p,e,r
theft,t,h,e,f,t
churn,c,h,u,r,n
satin,s,a,t,i,n
slots,s,l,o,t,s
taxed,t,a,x,e,d
bully,b,u,l,l,y
sloth,s,l,o,t,h
shale,s,h,a,l,e
tread,t,r,e,a,d
raked,r,a,k,e,d
curds,c,u,r,d,s
manor,m,a,n,o,r
aisle,a,i,s,l,e
bulge,b,u,l,g,e
loins,l,o,i,n,s
stair,s,t,a,i,r
tapes,t,a,p,e,s
leans,l,e,a,n,s
bunks,b,u,n,k,s
squat,s,q,u,a,t
towed,t,o,w,e,d
lance,l,a,n,c,e
panes,p,a,n,e,s
sakes,s,a,k,e,s
heirs,h,e,i,r,s
caste,c,a,s,t,e
dummy,d,u,m,m,y
pores,p,o,r,e,s
fauna,f,a,u,n,a
crook,c,r,o,o,k
poise,p,o,i,s,e
epoch,e,p,o,c,h
risky,r,i,s,k,y
warns,w,a,r,n,s
fling,f,l,i,n,g
berry,b,e,r,r,y
grape,g,r,a,p,e
flank,f,l,a,n,k
drags,d,r,a,g,s
squid,s,q,u,i,d
pelts,p,e,l,t,s
icing,i,c,i,n,g
irony,i,r,o,n,y
irons,i,r,o,n,s
barks,b,a,r,k,s
whoop,w,h,o,o,p
choke,c,h,o,k,e
diets,d,i,e,t,s
whips,w,h,i,p,s
tally,t,a,l,l,y
dozed,d,o,z,e,d
twine,t,w,i,n,e
kites,k,i,t,e,s
bikes,b,i,k,e,s
ticks,t,i,c,k,s
riots,r,i,o,t,s
roars,r,o,a,r,s
vault,v,a,u,l,t
looms,l,o,o,m,s
scold,s,c,o,l,d
blink,b,l,i,n,k
dandy,d,a,n,d,y
pupae,p,u,p,a,e
sieve,s,i,e,v,e
spike,s,p,i,k,e
ducts,d,u,c,t,s
lends,l,e,n,d,s
pizza,p,i,z,z,a
brink,b,r,i,n,k
widen,w,i,d,e,n
plumb,p,l,u,m,b
pagan,p,a,g,a,n
feats,f,e,a,t,s
bison,b,i,s,o,n
soggy,s,o,g,g,y
scoop,s,c,o,o,p
argon,a,r,g,o,n
nudge,n,u,d,g,e
skiff,s,k,i,f,f
amber,a,m,b,e,r
sexes,s,e,x,e,s
rouse,r,o,u,s,e
salts,s,a,l,t,s
hitch,h,i,t,c,h
exalt,e,x,a,l,t
leash,l,e,a,s,h
dined,d,i,n,e,d
chute,c,h,u,t,e
snort,s,n,o,r,t
gusts,g,u,s,t,s
melon,m,e,l,o,n
cheat,c,h,e,a,t
reefs,r,e,e,f,s
llama,l,l,a,m,a
lasso,l,a,s,s,o
debut,d,e,b,u,t
quota,q,u,o,t,a
oaths,o,a,t,h,s
prone,p,r,o,n,e
mixes,m,i,x,e,s
rafts,r,a,f,t,s
dives,d,i,v,e,s
stale,s,t,a,l,e
inlet,i,n,l,e,t
flick,f,l,i,c,k
pinto,p,i,n,t,o
brows,b,r,o,w,s
untie,u,n,t,i,e
batch,b,a,t,c,h
greed,g,r,e,e,d
chore,c,h,o,r,e
stirs,s,t,i,r,s
blush,b,l,u,s,h
onset,o,n,s,e,t
barbs,b,a,r,b,s
volts,v,o,l,t,s
beige,b,e,i,g,e
swoop,s,w,o,o,p
paddy,p,a,d,d,y
laced,l,a,c,e,d
shove,s,h,o,v,e
jerky,j,e,r,k,y
poppy,p,o,p,p,y
leaks,l,e,a,k,s
fares,f,a,r,e,s
dodge,d,o,d,g,e
godly,g,o,d,l,y
squaw,s,q,u,a,w
affix,a,f,f,i,x
brute,b,r,u,t,e
nicer,n,i,c,e,r
undue,u,n,d,u,e
snarl,s,n,a,r,l
merge,m,e,r,g,e
doses,d,o,s,e,s
showy,s,h,o,w,y
daddy,d,a,d,d,y
roost,r,o,o,s,t
vases,v,a,s,e,s
swirl,s,w,i,r,l
petty,p,e,t,t,y
colds,c,o,l,d,s
curry,c,u,r,r,y
cobra,c,o,b,r,a
genie,g,e,n,i,e
flare,f,l,a,r,e
messy,m,e,s,s,y
cores,c,o,r,e,s
soaks,s,o,a,k,s
ripen,r,i,p,e,n
whine,w,h,i,n,e
amino,a,m,i,n,o
plaid,p,l,a,i,d
spiny,s,p,i,n,y
mowed,m,o,w,e,d
baton,b,a,t,o,n
peers,p,e,e,r,s
vowed,v,o,w,e,d
pious,p,i,o,u,s
swans,s,w,a,n,s
exits,e,x,i,t,s
afoot,a,f,o,o,t
plugs,p,l,u,g,s
idiom,i,d,i,o,m
chili,c,h,i,l,i
rites,r,i,t,e,s
serfs,s,e,r,f,s
cleft,c,l,e,f,t
berth,b,e,r,t,h
grubs,g,r,u,b,s
annex,a,n,n,e,x
dizzy,d,i,z,z,y
hasty,h,a,s,t,y
latch,l,a,t,c,h
wasps,w,a,s,p,s
mirth,m,i,r,t,h
baron,b,a,r,o,n
plead,p,l,e,a,d
aloof,a,l,o,o,f
aging,a,g,i,n,g
pixel,p,i,x,e,l
bared,b,a,r,e,d
mummy,m,u,m,m,y
hotly,h,o,t,l,y
auger,a,u,g,e,r
buddy,b,u,d,d,y
chaps,c,h,a,p,s
badge,b,a,d,g,e
stark,s,t,a,r,k
fairs,f,a,i,r,s
gully,g,u,l,l,y
mumps,m,u,m,p,s
emery,e,m,e,r,y
filly,f,i,l,l,y
ovens,o,v,e,n,s
drone,d,r,o,n,e
gauze,g,a,u,z,e
idiot,i,d,i,o,t
fussy,f,u,s,s,y
annoy,a,n,n,o,y
shank,s,h,a,n,k
gouge,g,o,u,g,e
bleed,b,l,e,e,d
elves,e,l,v,e,s
roped,r,o,p,e,d
unfit,u,n,f,i,t
baggy,b,a,g,g,y
mower,m,o,w,e,r
scant,s,c,a,n,t
grabs,g,r,a,b,s
fleas,f,l,e,a,s
lousy,l,o,u,s,y
album,a,l,b,u,m
sawed,s,a,w,e,d
cooky,c,o,o,k,y
murky,m,u,r,k,y
infer,i,n,f,e,r
burly,b,u,r,l,y
waged,w,a,g,e,d
dingy,d,i,n,g,y
brine,b,r,i,n,e
kneel,k,n,e,e,l
creak,c,r,e,a,k
vanes,v,a,n,e,s
smoky,s,m,o,k,y
spurt,s,p,u,r,t
combs,c,o,m,b,s
easel,e,a,s,e,l
laces,l,a,c,e,s
humps,h,u,m,p,s
rumor,r,u,m,o,r
aroma,a,r,o,m,a
horde,h,o,r,d,e
swiss,s,w,i,s,s
leapt,l,e,a,p,t
opium,o,p,i,u,m
slime,s,l,i,m,e
afire,a,f,i,r,e
pansy,p,a,n,s,y
mares,m,a,r,e,s
soaps,s,o,a,p,s
husks,h,u,s,k,s
snips,s,n,i,p,s
hazel,h,a,z,e,l
lined,l,i,n,e,d
cafes,c,a,f,e,s
naive,n,a,i,v,e
wraps,w,r,a,p,s
sized,s,i,z,e,d
piers,p,i,e,r,s
beset,b,e,s,e,t
agile,a,g,i,l,e
tongs,t,o,n,g,s
steed,s,t,e,e,d
fraud,f,r,a,u,d
booty,b,o,o,t,y
valor,v,a,l,o,r
downy,d,o,w,n,y
witty,w,i,t,t,y
mossy,m,o,s,s,y
psalm,p,s,a,l,m
scuba,s,c,u,b,a
tours,t,o,u,r,s
polka,p,o,l,k,a
milky,m,i,l,k,y
gaudy,g,a,u,d,y
shrug,s,h,r,u,g
tufts,t,u,f,t,s
wilds,w,i,l,d,s
laser,l,a,s,e,r
truss,t,r,u,s,s
hares,h,a,r,e,s
creed,c,r,e,e,d
lilac,l,i,l,a,c
siren,s,i,r,e,n
tarry,t,a,r,r,y
bribe,b,r,i,b,e
swine,s,w,i,n,e
muted,m,u,t,e,d
flips,f,l,i,p,s
cures,c,u,r,e,s
sinew,s,i,n,e,w
boxed,b,o,x,e,d
hoops,h,o,o,p,s
gasps,g,a,s,p,s
hoods,h,o,o,d,s
niche,n,i,c,h,e
yucca,y,u,c,c,a
glows,g,l,o,w,s
sewer,s,e,w,e,r
whack,w,h,a,c,k
fuses,f,u,s,e,s
gowns,g,o,w,n,s
droop,d,r,o,o,p
bucks,b,u,c,k,s
pangs,p,a,n,g,s
mails,m,a,i,l,s
whisk,w,h,i,s,k
haven,h,a,v,e,n
clasp,c,l,a,s,p
sling,s,l,i,n,g
stint,s,t,i,n,t
urges,u,r,g,e,s
champ,c,h,a,m,p
piety,p,i,e,t,y
chirp,c,h,i,r,p
pleat,p,l,e,a,t
posse,p,o,s,s,e
sunup,s,u,n,u,p
menus,m,e,n,u,s
howls,h,o,w,l,s
quake,q,u,a,k,e
knack,k,n,a,c,k
plaza,p,l,a,z,a
fiend,f,i,e,n,d
caked,c,a,k,e,d
bangs,b,a,n,g,s
erupt,e,r,u,p,t
poker,p,o,k,e,r
olden,o,l,d,e,n
cramp,c,r,a,m,p
voter,v,o,t,e,r
poses,p,o,s,e,s
manly,m,a,n,l,y
slump,s,l,u,m,p
fined,f,i,n,e,d
grips,g,r,i,p,s
gaped,g,a,p,e,d
purge,p,u,r,g,e
hiked,h,i,k,e,d
maize,m,a,i,z,e
fluff,f,l,u,f,f
strut,s,t,r,u,t
sloop,s,l,o,o,p
prowl,p,r,o,w,l
roach,r,o,a,c,h
cocks,c,o,c,k,s
bland,b,l,a,n,d
dials,d,i,a,l,s
plume,p,l,u,m,e
slaps,s,l,a,p,s
soups,s,o,u,p,s
dully,d,u,l,l,y
wills,w,i,l,l,s
foams,f,o,a,m,s
solos,s,o,l,o,s
skier,s,k,i,e,r
eaves,e,a,v,e,s
totem,t,o,t,e,m
fused,f,u,s,e,d
latex,l,a,t,e,x
veils,v,e,i,l,s
mused,m,u,s,e,d
mains,m,a,i,n,s
myrrh,m,y,r,r,h
racks,r,a,c,k,s
galls,g,a,l,l,s
gnats,g,n,a,t,s
bouts,b,o,u,t,s
sisal,s,i,s,a,l
shuts,s,h,u,t,s
hoses,h,o,s,e,s
dryly,d,r,y,l,y
hover,h,o,v,e,r
gloss,g,l,o,s,s
seeps,s,e,e,p,s
denim,d,e,n,i,m
putty,p,u,t,t,y
guppy,g,u,p,p,y
leaky,l,e,a,k,y
dusky,d,u,s,k,y
filth,f,i,l,t,h
oboes,o,b,o,e,s
spans,s,p,a,n,s
fowls,f,o,w,l,s
adorn,a,d,o,r,n
glaze,g,l,a,z,e
haunt,h,a,u,n,t
dares,d,a,r,e,s
obeys,o,b,e,y,s
bakes,b,a,k,e,s
abyss,a,b,y,s,s
smelt,s,m,e,l,t
gangs,g,a,n,g,s
aches,a,c,h,e,s
trawl,t,r,a,w,l
claps,c,l,a,p,s
undid,u,n,d,i,d
spicy,s,p,i,c,y
hoist,h,o,i,s,t
fades,f,a,d,e,s
vicar,v,i,c,a,r
acorn,a,c,o,r,n
pussy,p,u,s,s,y
gruff,g,r,u,f,f
musty,m,u,s,t,y
tarts,t,a,r,t,s
snuff,s,n,u,f,f
hunch,h,u,n,c,h
truce,t,r,u,c,e
tweed,t,w,e,e,d
dryer,d,r,y,e,r
loser,l,o,s,e,r
sheaf,s,h,e,a,f
moles,m,o,l,e,s
lapse,l,a,p,s,e
tawny,t,a,w,n,y
vexed,v,e,x,e,d
autos,a,u,t,o,s
wager,w,a,g,e,r
domes,d,o,m,e,s
sheen,s,h,e,e,n
clang,c,l,a,n,g
spade,s,p,a,d,e
sowed,s,o,w,e,d
broil,b,r,o,i,l
slyly,s,l,y,l,y
studs,s,t,u,d,s
grunt,g,r,u,n,t
donor,d,o,n,o,r
slugs,s,l,u,g,s
aspen,a,s,p,e,n
homer,h,o,m,e,r
croak,c,r,o,a,k
tithe,t,i,t,h,e
halts,h,a,l,t,s
avert,a,v,e,r,t
havoc,h,a,v,o,c
hogan,h,o,g,a,n
glint,g,l,i,n,t
ruddy,r,u,d,d,y
jeeps,j,e,e,p,s
flaky,f,l,a,k,y
ladle,l,a,d,l,e
taunt,t,a,u,n,t
snore,s,n,o,r,e
fines,f,i,n,e,s
props,p,r,o,p,s
prune,p,r,u,n,e
pesos,p,e,s,o,s
radii,r,a,d,i,i
pokes,p,o,k,e,s
tiled,t,i,l,e,d
daisy,d,a,i,s,y
heron,h,e,r,o,n
villa,v,i,l,l,a
farce,f,a,r,c,e
binds,b,i,n,d,s
cites,c,i,t,e,s
fixes,f,i,x,e,s
jerks,j,e,r,k,s
livid,l,i,v,i,d
waked,w,a,k,e,d
inked,i,n,k,e,d
booms,b,o,o,m,s
chews,c,h,e,w,s
licks,l,i,c,k,s
hyena,h,y,e,n,a
scoff,s,c,o,f,f
lusty,l,u,s,t,y
sonic,s,o,n,i,c
smith,s,m,i,t,h
usher,u,s,h,e,r
tucks,t,u,c,k,s
vigil,v,i,g,i,l
molts,m,o,l,t,s
sects,s,e,c,t,s
spars,s,p,a,r,s
dumps,d,u,m,p,s
scaly,s,c,a,l,y
wisps,w,i,s,p,s
sores,s,o,r,e,s
mince,m,i,n,c,e
panda,p,a,n,d,a
flier,f,l,i,e,r
axles,a,x,l,e,s
plied,p,l,i,e,d
booby,b,o,o,b,y
patio,p,a,t,i,o
rabbi,r,a,b,b,i
petal,p,e,t,a,l
polyp,p,o,l,y,p
tints,t,i,n,t,s
grate,g,r,a,t,e
troll,t,r,o,l,l
tolls,t,o,l,l,s
relic,r,e,l,i,c
phony,p,h,o,n,y
bleat,b,l,e,a,t
flaws,f,l,a,w,s
flake,f,l,a,k,e
snags,s,n,a,g,s
aptly,a,p,t,l,y
drawl,d,r,a,w,l
ulcer,u,l,c,e,r
soapy,s,o,a,p,y
bossy,b,o,s,s,y
monks,m,o,n,k,s
crags,c,r,a,g,s
caged,c,a,g,e,d
twang,t,w,a,n,g
diner,d,i,n,e,r
taped,t,a,p,e,d
cadet,c,a,d,e,t
grids,g,r,i,d,s
spawn,s,p,a,w,n
guile,g,u,i,l,e
noose,n,o,o,s,e
mores,m,o,r,e,s
girth,g,i,r,t,h
slimy,s,l,i,m,y
aides,a,i,d,e,s
spasm,s,p,a,s,m
burrs,b,u,r,r,s
alibi,a,l,i,b,i
lymph,l,y,m,p,h
saucy,s,a,u,c,y
muggy,m,u,g,g,y
liter,l,i,t,e,r
joked,j,o,k,e,d
goofy,g,o,o,f,y
exams,e,x,a,m,s
enact,e,n,a,c,t
stork,s,t,o,r,k
lured,l,u,r,e,d
toxic,t,o,x,i,c
omens,o,m,e,n,s
nears,n,e,a,r,s
covet,c,o,v,e,t
wrung,w,r,u,n,g
forum,f,o,r,u,m
venom,v,e,n,o,m
moody,m,o,o,d,y
alder,a,l,d,e,r
sassy,s,a,s,s,y
flair,f,l,a,i,r
guild,g,u,i,l,d
prays,p,r,a,y,s
wrens,w,r,e,n,s
hauls,h,a,u,l,s
stave,s,t,a,v,e
tilts,t,i,l,t,s
pecks,p,e,c,k,s
stomp,s,t,o,m,p
gales,g,a,l,e,s
tempt,t,e,m,p,t
capes,c,a,p,e,s
mesas,m,e,s,a,s
omits,o,m,i,t,s
tepee,t,e,p,e,e
harry,h,a,r,r,y
wring,w,r,i,n,g
evoke,e,v,o,k,e
limes,l,i,m,e,s
cluck,c,l,u,c,k
lunge,l,u,n,g,e
highs,h,i,g,h,s
canes,c,a,n,e,s
giddy,g,i,d,d,y
lithe,l,i,t,h,e
verge,v,e,r,g,e
khaki,k,h,a,k,i
queue,q,u,e,u,e
loath,l,o,a,t,h
foyer,f,o,y,e,r
outdo,o,u,t,d,o
fared,f,a,r,e,d
deter,d,e,t,e,r
crumb,c,r,u,m,b
astir,a,s,t,i,r
spire,s,p,i,r,e
jumpy,j,u,m,p,y
extol,e,x,t,o,l
buoys,b,u,o,y,s
stubs,s,t,u,b,s
lucid,l,u,c,i,d
thong,t,h,o,n,g
afore,a,f,o,r,e
whiff,w,h,i,f,f
maxim,m,a,x,i,m
hulls,h,u,l,l,s
clogs,c,l,o,g,s
slats,s,l,a,t,s
jiffy,j,i,f,f,y
arbor,a,r,b,o,r
cinch,c,i,n,c,h
igloo,i,g,l,o,o
goody,g,o,o,d,y
gazes,g,a,z,e,s
dowel,d,o,w,e,l
calms,c,a,l,m,s
bitch,b,i,t,c,h
scowl,s,c,o,w,l
gulps,g,u,l,p,s
coded,c,o,d,e,d
waver,w,a,v,e,r
mason,m,a,s,o,n
lobes,l,o,b,e,s
ebony,e,b,o,n,y
flail,f,l,a,i,l
isles,i,s,l,e,s
clods,c,l,o,d,s
dazed,d,a,z,e,d
adept,a,d,e,p,t
oozed,o,o,z,e,d
sedan,s,e,d,a,n
clays,c,l,a,y,s
warts,w,a,r,t,s
ketch,k,e,t,c,h
skunk,s,k,u,n,k
manes,m,a,n,e,s
adore,a,d,o,r,e
sneer,s,n,e,e,r
mango,m,a,n,g,o
fiord,f,i,o,r,d
flora,f,l,o,r,a
roomy,r,o,o,m,y
minks,m,i,n,k,s
thaws,t,h,a,w,s
watts,w,a,t,t,s
freer,f,r,e,e,r
exult,e,x,u,l,t
plush,p,l,u,s,h
paled,p,a,l,e,d
twain,t,w,a,i,n
clink,c,l,i,n,k
scamp,s,c,a,m,p
pawed,p,a,w,e,d
grope,g,r,o,p,e
bravo,b,r,a,v,o
gable,g,a,b,l,e
stink,s,t,i,n,k
sever,s,e,v,e,r
waned,w,a,n,e,d
rarer,r,a,r,e,r
regal,r,e,g,a,l
wards,w,a,r,d,s
fawns,f,a,w,n,s
babes,b,a,b,e,s
unify,u,n,i,f,y
amend,a,m,e,n,d
oaken,o,a,k,e,n
glade,g,l,a,d,e
visor,v,i,s,o,r
hefty,h,e,f,t,y
nines,n,i,n,e,s
throb,t,h,r,o,b
pecan,p,e,c,a,n
butts,b,u,t,t,s
pence,p,e,n,c,e
sills,s,i,l,l,s
jails,j,a,i,l,s
flyer,f,l,y,e,r
saber,s,a,b,e,r
nomad,n,o,m,a,d
miter,m,i,t,e,r
beeps,b,e,e,p,s
domed,d,o,m,e,d
gulfs,g,u,l,f,s
curbs,c,u,r,b,s
heath,h,e,a,t,h
moors,m,o,o,r,s
aorta,a,o,r,t,a
larks,l,a,r,k,s
tangy,t,a,n,g,y
wryly,w,r,y,l,y
cheep,c,h,e,e,p
rages,r,a,g,e,s
evade,e,v,a,d,e
lures,l,u,r,e,s
freak,f,r,e,a,k
vogue,v,o,g,u,e
tunic,t,u,n,i,c
slams,s,l,a,m,s
knits,k,n,i,t,s
dumpy,d,u,m,p,y
mania,m,a,n,i,a
spits,s,p,i,t,s
firth,f,i,r,t,h
hikes,h,i,k,e,s
trots,t,r,o,t,s
nosed,n,o,s,e,d
clank,c,l,a,n,k
dogma,d,o,g,m,a
bloat,b,l,o,a,t
balsa,b,a,l,s,a
graft,g,r,a,f,t
middy,m,i,d,d,y
stile,s,t,i,l,e
keyed,k,e,y,e,d
finch,f,i,n,c,h
sperm,s,p,e,r,m
chaff,c,h,a,f,f
wiles,w,i,l,e,s
amigo,a,m,i,g,o
copra,c,o,p,r,a
amiss,a,m,i,s,s
eying,e,y,i,n,g
twirl,t,w,i,r,l
lurch,l,u,r,c,h
popes,p,o,p,e,s
chins,c,h,i,n,s
smock,s,m,o,c,k
tines,t,i,n,e,s
guise,g,u,i,s,e
grits,g,r,i,t,s
junks,j,u,n,k,s
shoal,s,h,o,a,l
cache,c,a,c,h,e
tapir,t,a,p,i,r
atoll,a,t,o,l,l
deity,d,e,i,t,y
toils,t,o,i,l,s
spree,s,p,r,e,e
mocks,m,o,c,k,s
scans,s,c,a,n,s
shorn,s,h,o,r,n
revel,r,e,v,e,l
raven,r,a,v,e,n
hoary,h,o,a,r,y
reels,r,e,e,l,s
scuff,s,c,u,f,f
mimic,m,i,m,i,c
weedy,w,e,e,d,y
corny,c,o,r,n,y
truer,t,r,u,e,r
rouge,r,o,u,g,e
ember,e,m,b,e,r
floes,f,l,o,e,s
torso,t,o,r,s,o
wipes,w,i,p,e,s
edict,e,d,i,c,t
sulky,s,u,l,k,y
recur,r,e,c,u,r
groin,g,r,o,i,n
baste,b,a,s,t,e
kinks,k,i,n,k,s
surer,s,u,r,e,r
piggy,p,i,g,g,y
moldy,m,o,l,d,y
franc,f,r,a,n,c
liars,l,i,a,r,s
inept,i,n,e,p,t
gusty,g,u,s,t,y
facet,f,a,c,e,t
jetty,j,e,t,t,y
equip,e,q,u,i,p
leper,l,e,p,e,r
slink,s,l,i,n,k
soars,s,o,a,r,s
cater,c,a,t,e,r
dowry,d,o,w,r,y
sided,s,i,d,e,d
yearn,y,e,a,r,n
decoy,d,e,c,o,y
taboo,t,a,b,o,o
ovals,o,v,a,l,s
heals,h,e,a,l,s
pleas,p,l,e,a,s
beret,b,e,r,e,t
spilt,s,p,i,l,t
gayly,g,a,y,l,y
rover,r,o,v,e,r
endow,e,n,d,o,w
pygmy,p,y,g,m,y
carat,c,a,r,a,t
abbey,a,b,b,e,y
vents,v,e,n,t,s
waken,w,a,k,e,n
chimp,c,h,i,m,p
fumed,f,u,m,e,d
sodas,s,o,d,a,s
vinyl,v,i,n,y,l
clout,c,l,o,u,t
wades,w,a,d,e,s
mites,m,i,t,e,s
smirk,s,m,i,r,k
bores,b,o,r,e,s
bunny,b,u,n,n,y
surly,s,u,r,l,y
frock,f,r,o,c,k
foray,f,o,r,a,y
purer,p,u,r,e,r
milks,m,i,l,k,s
query,q,u,e,r,y
mired,m,i,r,e,d
blare,b,l,a,r,e
froth,f,r,o,t,h
gruel,g,r,u,e,l
navel,n,a,v,e,l
paler,p,a,l,e,r
puffy,p,u,f,f,y
casks,c,a,s,k,s
grime,g,r,i,m,e
derby,d,e,r,b,y
mamma,m,a,m,m,a
gavel,g,a,v,e,l
teddy,t,e,d,d,y
vomit,v,o,m,i,t
moans,m,o,a,n,s
allot,a,l,l,o,t
defer,d,e,f,e,r
wield,w,i,e,l,d
viper,v,i,p,e,r
louse,l,o,u,s,e
erred,e,r,r,e,d
hewed,h,e,w,e,d
abhor,a,b,h,o,r
wrest,w,r,e,s,t
waxen,w,a,x,e,n
adage,a,d,a,g,e
ardor,a,r,d,o,r
stabs,s,t,a,b,s
pored,p,o,r,e,d
rondo,r,o,n,d,o
loped,l,o,p,e,d
fishy,f,i,s,h,y
bible,b,i,b,l,e
hires,h,i,r,e,s
foals,f,o,a,l,s
feuds,f,e,u,d,s
jambs,j,a,m,b,s
thuds,t,h,u,d,s
jeers,j,e,e,r,s
knead,k,n,e,a,d
quirk,q,u,i,r,k
rugby,r,u,g,b,y
expel,e,x,p,e,l
greys,g,r,e,y,s
rigor,r,i,g,o,r
ester,e,s,t,e,r
lyres,l,y,r,e,s
aback,a,b,a,c,k
glues,g,l,u,e,s
lotus,l,o,t,u,s
lurid,l,u,r,i,d
rungs,r,u,n,g,s
hutch,h,u,t,c,h
thyme,t,h,y,m,e
valet,v,a,l,e,t
tommy,t,o,m,m,y
yokes,y,o,k,e,s
epics,e,p,i,c,s
trill,t,r,i,l,l
pikes,p,i,k,e,s
ozone,o,z,o,n,e
caper,c,a,p,e,r
chime,c,h,i,m,e
frees,f,r,e,e,s
famed,f,a,m,e,d
leech,l,e,e,c,h
smite,s,m,i,t,e
neigh,n,e,i,g,h
erode,e,r,o,d,e
robed,r,o,b,e,d
hoard,h,o,a,r,d
salve,s,a,l,v,e
conic,c,o,n,i,c
gawky,g,a,w,k,y
craze,c,r,a,z,e
jacks,j,a,c,k,s
gloat,g,l,o,a,t
mushy,m,u,s,h,y
rumps,r,u,m,p,s
fetus,f,e,t,u,s
wince,w,i,n,c,e
pinks,p,i,n,k,s
shalt,s,h,a,l,t
toots,t,o,o,t,s
glens,g,l,e,n,s
cooed,c,o,o,e,d
rusts,r,u,s,t,s
stews,s,t,e,w,s
shred,s,h,r,e,d
parka,p,a,r,k,a
chugs,c,h,u,g,s
winks,w,i,n,k,s
clots,c,l,o,t,s
shrew,s,h,r,e,w
booed,b,o,o,e,d
filmy,f,i,l,m,y
juror,j,u,r,o,r
dents,d,e,n,t,s
gummy,g,u,m,m,y
grays,g,r,a,y,s
hooky,h,o,o,k,y
butte,b,u,t,t,e
dogie,d,o,g,i,e
poled,p,o,l,e,d
reams,r,e,a,m,s
fifes,f,i,f,e,s
spank,s,p,a,n,k
gayer,g,a,y,e,r
tepid,t,e,p,i,d
spook,s,p,o,o,k
taint,t,a,i,n,t
flirt,f,l,i,r,t
rogue,r,o,g,u,e
spiky,s,p,i,k,y
opals,o,p,a,l,s
miser,m,i,s,e,r
cocky,c,o,c,k,y
coyly,c,o,y,l,y
balmy,b,a,l,m,y
slosh,s,l,o,s,h
brawl,b,r,a,w,l
aphid,a,p,h,i,d
faked,f,a,k,e,d
hydra,h,y,d,r,a
brags,b,r,a,g,s
chide,c,h,i,d,e
yanks,y,a,n,k,s
allay,a,l,l,a,y
video,v,i,d,e,o
altos,a,l,t,o,s
eases,e,a,s,e,s
meted,m,e,t,e,d
chasm,c,h,a,s,m
longs,l,o,n,g,s
excel,e,x,c,e,l
taffy,t,a,f,f,y
impel,i,m,p,e,l
savor,s,a,v,o,r
koala,k,o,a,l,a
quays,q,u,a,y,s
dawns,d,a,w,n,s
proxy,p,r,o,x,y
clove,c,l,o,v,e
duets,d,u,e,t,s
dregs,d,r,e,g,s
tardy,t,a,r,d,y
briar,b,r,i,a,r
grimy,g,r,i,m,y
ultra,u,l,t,r,a
meaty,m,e,a,t,y
halve,h,a,l,v,e
wails,w,a,i,l,s
suede,s,u,e,d,e
mauve,m,a,u,v,e
envoy,e,n,v,o,y
arson,a,r,s,o,n
coves,c,o,v,e,s
gooey,g,o,o,e,y
brews,b,r,e,w,s
sofas,s,o,f,a,s
chums,c,h,u,m,s
amaze,a,m,a,z,e
zooms,z,o,o,m,s
abbot,a,b,b,o,t
halos,h,a,l,o,s
scour,s,c,o,u,r
suing,s,u,i,n,g
cribs,c,r,i,b,s
sagas,s,a,g,a,s
enema,e,n,e,m,a
wordy,w,o,r,d,y
harps,h,a,r,p,s
coupe,c,o,u,p,e
molar,m,o,l,a,r
flops,f,l,o,p,s
weeps,w,e,e,p,s
mints,m,i,n,t,s
ashen,a,s,h,e,n
felts,f,e,l,t,s
askew,a,s,k,e,w
munch,m,u,n,c,h
mewed,m,e,w,e,d
divan,d,i,v,a,n
vices,v,i,c,e,s
jumbo,j,u,m,b,o
blobs,b,l,o,b,s
blots,b,l,o,t,s
spunk,s,p,u,n,k
acrid,a,c,r,i,d
topaz,t,o,p,a,z
cubed,c,u,b,e,d
clans,c,l,a,n,s
flees,f,l,e,e,s
slurs,s,l,u,r,s
gnaws,g,n,a,w,s
welds,w,e,l,d,s
fords,f,o,r,d,s
emits,e,m,i,t,s
agate,a,g,a,t,e
pumas,p,u,m,a,s
mends,m,e,n,d,s
darks,d,a,r,k,s
dukes,d,u,k,e,s
plies,p,l,i,e,s
canny,c,a,n,n,y
hoots,h,o,o,t,s
oozes,o,o,z,e,s
lamed,l,a,m,e,d
fouls,f,o,u,l,s
clefs,c,l,e,f,s
nicks,n,i,c,k,s
mated,m,a,t,e,d
skims,s,k,i,m,s
brunt,b,r,u,n,t
tuber,t,u,b,e,r
tinge,t,i,n,g,e
fates,f,a,t,e,s
ditty,d,i,t,t,y
thins,t,h,i,n,s
frets,f,r,e,t,s
eider,e,i,d,e,r
bayou,b,a,y,o,u
mulch,m,u,l,c,h
fasts,f,a,s,t,s
amass,a,m,a,s,s
damps,d,a,m,p,s
morns,m,o,r,n,s
friar,f,r,i,a,r
palsy,p,a,l,s,y
vista,v,i,s,t,a
croon,c,r,o,o,n
conch,c,o,n,c,h
udder,u,d,d,e,r
tacos,t,a,c,o,s
skits,s,k,i,t,s
mikes,m,i,k,e,s
quits,q,u,i,t,s
preen,p,r,e,e,n
aster,a,s,t,e,r
adder,a,d,d,e,r
elegy,e,l,e,g,y
pulpy,p,u,l,p,y
scows,s,c,o,w,s
baled,b,a,l,e,d
hovel,h,o,v,e,l
lavas,l,a,v,a,s
crave,c,r,a,v,e
optic,o,p,t,i,c
welts,w,e,l,t,s
busts,b,u,s,t,s
knave,k,n,a,v,e
razed,r,a,z,e,d
shins,s,h,i,n,s
totes,t,o,t,e,s
scoot,s,c,o,o,t
dears,d,e,a,r,s
crock,c,r,o,c,k
mutes,m,u,t,e,s
trims,t,r,i,m,s
skein,s,k,e,i,n
doted,d,o,t,e,d
shuns,s,h,u,n,s
veers,v,e,e,r,s
fakes,f,a,k,e,s
yoked,y,o,k,e,d
wooed,w,o,o,e,d
hacks,h,a,c,k,s
sprig,s,p,r,i,g
wands,w,a,n,d,s
lulls,l,u,l,l,s
seers,s,e,e,r,s
snobs,s,n,o,b,s
nooks,n,o,o,k,s
pined,p,i,n,e,d
perky,p,e,r,k,y
mooed,m,o,o,e,d
frill,f,r,i,l,l
dines,d,i,n,e,s
booze,b,o,o,z,e
tripe,t,r,i,p,e
prong,p,r,o,n,g
drips,d,r,i,p,s
odder,o,d,d,e,r
levee,l,e,v,e,e
antic,a,n,t,i,c
sidle,s,i,d,l,e
pithy,p,i,t,h,y
corks,c,o,r,k,s
yelps,y,e,l,p,s
joker,j,o,k,e,r
fleck,f,l,e,c,k
buffs,b,u,f,f,s
scram,s,c,r,a,m
tiers,t,i,e,r,s
bogey,b,o,g,e,y
doled,d,o,l,e,d
irate,i,r,a,t,e
vales,v,a,l,e,s
coped,c,o,p,e,d
hails,h,a,i,l,s
elude,e,l,u,d,e
bulks,b,u,l,k,s
aired,a,i,r,e,d
vying,v,y,i,n,g
stags,s,t,a,g,s
strew,s,t,r,e,w
cocci,c,o,c,c,i
pacts,p,a,c,t,s
scabs,s,c,a,b,s
silos,s,i,l,o,s
dusts,d,u,s,t,s
yodel,y,o,d,e,l
terse,t,e,r,s,e
jaded,j,a,d,e,d
baser,b,a,s,e,r
jibes,j,i,b,e,s
foils,f,o,i,l,s
sways,s,w,a,y,s
forgo,f,o,r,g,o
slays,s,l,a,y,s
preys,p,r,e,y,s
treks,t,r,e,k,s
quell,q,u,e,l,l
peeks,p,e,e,k,s
assay,a,s,s,a,y
lurks,l,u,r,k,s
eject,e,j,e,c,t
boars,b,o,a,r,s
trite,t,r,i,t,e
belch,b,e,l,c,h
gnash,g,n,a,s,h
wanes,w,a,n,e,s
lutes,l,u,t,e,s
whims,w,h,i,m,s
dosed,d,o,s,e,d
chewy,c,h,e,w,y
snipe,s,n,i,p,e
umbra,u,m,b,r,a
teems,t,e,e,m,s
dozes,d,o,z,e,s
kelps,k,e,l,p,s
upped,u,p,p,e,d
brawn,b,r,a,w,n
doped,d,o,p,e,d
shush,s,h,u,s,h
rinds,r,i,n,d,s
slush,s,l,u,s,h
moron,m,o,r,o,n
voile,v,o,i,l,e
woken,w,o,k,e,n
fjord,f,j,o,r,d
sheik,s,h,e,i,k
jests,j,e,s,t,s
kayak,k,a,y,a,k
slews,s,l,e,w,s
toted,t,o,t,e,d
saner,s,a,n,e,r
drape,d,r,a,p,e
patty,p,a,t,t,y
raves,r,a,v,e,s
sulfa,s,u,l,f,a
grist,g,r,i,s,t
skied,s,k,i,e,d
vixen,v,i,x,e,n
civet,c,i,v,e,t
vouch,v,o,u,c,h
tiara,t,i,a,r,a
homey,h,o,m,e,y
moped,m,o,p,e,d
runts,r,u,n,t,s
serge,s,e,r,g,e
kinky,k,i,n,k,y
rills,r,i,l,l,s
corns,c,o,r,n,s
brats,b,r,a,t,s
pries,p,r,i,e,s
amble,a,m,b,l,e
fries,f,r,i,e,s
loons,l,o,o,n,s
tsars,t,s,a,r,s
datum,d,a,t,u,m
musky,m,u,s,k,y
pigmy,p,i,g,m,y
gnome,g,n,o,m,e
ravel,r,a,v,e,l
ovule,o,v,u,l,e
icily,i,c,i,l,y
liken,l,i,k,e,n
lemur,l,e,m,u,r
frays,f,r,a,y,s
silts,s,i,l,t,s
sifts,s,i,f,t,s
plods,p,l,o,d,s
ramps,r,a,m,p,s
tress,t,r,e,s,s
earls,e,a,r,l,s
dudes,d,u,d,e,s
waive,w,a,i,v,e
karat,k,a,r,a,t
jolts,j,o,l,t,s
peons,p,e,o,n,s
beers,b,e,e,r,s
horny,h,o,r,n,y
pales,p,a,l,e,s
wreak,w,r,e,a,k
lairs,l,a,i,r,s
lynch,l,y,n,c,h
stank,s,t,a,n,k
swoon,s,w,o,o,n
idler,i,d,l,e,r
abort,a,b,o,r,t
blitz,b,l,i,t,z
ensue,e,n,s,u,e
atone,a,t,o,n,e
bingo,b,i,n,g,o
roves,r,o,v,e,s
kilts,k,i,l,t,s
scald,s,c,a,l,d
adios,a,d,i,o,s
cynic,c,y,n,i,c
dulls,d,u,l,l,s
memos,m,e,m,o,s
elfin,e,l,f,i,n
dales,d,a,l,e,s
peels,p,e,e,l,s
peals,p,e,a,l,s
bares,b,a,r,e,s
sinus,s,i,n,u,s
crone,c,r,o,n,e
sable,s,a,b,l,e
hinds,h,i,n,d,s
shirk,s,h,i,r,k
enrol,e,n,r,o,l
wilts,w,i,l,t,s
roams,r,o,a,m,s
duped,d,u,p,e,d
cysts,c,y,s,t,s
mitts,m,i,t,t,s
safes,s,a,f,e,s
spats,s,p,a,t,s
coops,c,o,o,p,s
filet,f,i,l,e,t
knell,k,n,e,l,l
refit,r,e,f,i,t
covey,c,o,v,e,y
punks,p,u,n,k,s
kilns,k,i,l,n,s
fitly,f,i,t,l,y
abate,a,b,a,t,e
talcs,t,a,l,c,s
heeds,h,e,e,d,s
duels,d,u,e,l,s
wanly,w,a,n,l,y
ruffs,r,u,f,f,s
gauss,g,a,u,s,s
lapel,l,a,p,e,l
jaunt,j,a,u,n,t
whelp,w,h,e,l,p
cleat,c,l,e,a,t
gauzy,g,a,u,z,y
dirge,d,i,r,g,e
edits,e,d,i,t,s
wormy,w,o,r,m,y
moats,m,o,a,t,s
smear,s,m,e,a,r
prods,p,r,o,d,s
bowel,b,o,w,e,l
frisk,f,r,i,s,k
vests,v,e,s,t,s
bayed,b,a,y,e,d
rasps,r,a,s,p,s
tames,t,a,m,e,s
delve,d,e,l,v,e
embed,e,m,b,e,d
befit,b,e,f,i,t
wafer,w,a,f,e,r
ceded,c,e,d,e,d
novas,n,o,v,a,s
feign,f,e,i,g,n
spews,s,p,e,w,s
larch,l,a,r,c,h
huffs,h,u,f,f,s
doles,d,o,l,e,s
mamas,m,a,m,a,s
hulks,h,u,l,k,s
pried,p,r,i,e,d
brims,b,r,i,m,s
irked,i,r,k,e,d
aspic,a,s,p,i,c
swipe,s,w,i,p,e
mealy,m,e,a,l,y
skimp,s,k,i,m,p
bluer,b,l,u,e,r
slake,s,l,a,k,e
dowdy,d,o,w,d,y
penis,p,e,n,i,s
brays,b,r,a,y,s
pupas,p,u,p,a,s
egret,e,g,r,e,t
flunk,f,l,u,n,k
phlox,p,h,l,o,x
gripe,g,r,i,p,e
peony,p,e,o,n,y
douse,d,o,u,s,e
blurs,b,l,u,r,s
darns,d,a,r,n,s
slunk,s,l,u,n,k
lefts,l,e,f,t,s
chats,c,h,a,t,s
inane,i,n,a,n,e
vials,v,i,a,l,s
stilt,s,t,i,l,t
rinks,r,i,n,k,s
woofs,w,o,o,f,s
wowed,w,o,w,e,d
bongs,b,o,n,g,s
frond,f,r,o,n,d
ingot,i,n,g,o,t
evict,e,v,i,c,t
singe,s,i,n,g,e
shyer,s,h,y,e,r
flied,f,l,i,e,d
slops,s,l,o,p,s
dolts,d,o,l,t,s
drool,d,r,o,o,l
dells,d,e,l,l,s
whelk,w,h,e,l,k
hippy,h,i,p,p,y
feted,f,e,t,e,d
ether,e,t,h,e,r
cocos,c,o,c,o,s
hives,h,i,v,e,s
jibed,j,i,b,e,d
mazes,m,a,z,e,s
trios,t,r,i,o,s
sirup,s,i,r,u,p
squab,s,q,u,a,b
laths,l,a,t,h,s
leers,l,e,e,r,s
pasta,p,a,s,t,a
rifts,r,i,f,t,s
lopes,l,o,p,e,s
alias,a,l,i,a,s
whirs,w,h,i,r,s
diced,d,i,c,e,d
slags,s,l,a,g,s
lodes,l,o,d,e,s
foxed,f,o,x,e,d
idled,i,d,l,e,d
prows,p,r,o,w,s
plait,p,l,a,i,t
malts,m,a,l,t,s
chafe,c,h,a,f,e
cower,c,o,w,e,r
toyed,t,o,y,e,d
chefs,c,h,e,f,s
keels,k,e,e,l,s
sties,s,t,i,e,s
racer,r,a,c,e,r
etude,e,t,u,d,e
sucks,s,u,c,k,s
sulks,s,u,l,k,s
micas,m,i,c,a,s
czars,c,z,a,r,s
copse,c,o,p,s,e
ailed,a,i,l,e,d
abler,a,b,l,e,r
rabid,r,a,b,i,d
golds,g,o,l,d,s
croup,c,r,o,u,p
snaky,s,n,a,k,y
visas,v,i,s,a,s
palls,p,a,l,l,s
mopes,m,o,p,e,s
boned,b,o,n,e,d
wispy,w,i,s,p,y
raved,r,a,v,e,d
swaps,s,w,a,p,s
junky,j,u,n,k,y
doily,d,o,i,l,y
pawns,p,a,w,n,s
tamer,t,a,m,e,r
poach,p,o,a,c,h
baits,b,a,i,t,s
damns,d,a,m,n,s
gumbo,g,u,m,b,o
daunt,d,a,u,n,t
prank,p,r,a,n,k
hunks,h,u,n,k,s
buxom,b,u,x,o,m
heres,h,e,r,e,s
honks,h,o,n,k,s
stows,s,t,o,w,s
unbar,u,n,b,a,r
idles,i,d,l,e,s
routs,r,o,u,t,s
sages,s,a,g,e,s
goads,g,o,a,d,s
remit,r,e,m,i,t
copes,c,o,p,e,s
deign,d,e,i,g,n
culls,c,u,l,l,s
girds,g,i,r,d,s
haves,h,a,v,e,s
lucks,l,u,c,k,s
stunk,s,t,u,n,k
dodos,d,o,d,o,s
shams,s,h,a,m,s
snubs,s,n,u,b,s
icons,i,c,o,n,s
usurp,u,s,u,r,p
dooms,d,o,o,m,s
hells,h,e,l,l,s
soled,s,o,l,e,d
comas,c,o,m,a,s
paves,p,a,v,e,s
maths,m,a,t,h,s
perks,p,e,r,k,s
limps,l,i,m,p,s
wombs,w,o,m,b,s
blurb,b,l,u,r,b
daubs,d,a,u,b,s
cokes,c,o,k,e,s
sours,s,o,u,r,s
stuns,s,t,u,n,s
cased,c,a,s,e,d
musts,m,u,s,t,s
coeds,c,o,e,d,s
cowed,c,o,w,e,d
aping,a,p,i,n,g
zoned,z,o,n,e,d
rummy,r,u,m,m,y
fetes,f,e,t,e,s
skulk,s,k,u,l,k
quaff,q,u,a,f,f
rajah,r,a,j,a,h
deans,d,e,a,n,s
reaps,r,e,a,p,s
galas,g,a,l,a,s
tills,t,i,l,l,s
roved,r,o,v,e,d
kudos,k,u,d,o,s
toned,t,o,n,e,d
pared,p,a,r,e,d
scull,s,c,u,l,l
vexes,v,e,x,e,s
punts,p,u,n,t,s
snoop,s,n,o,o,p
bails,b,a,i,l,s
dames,d,a,m,e,s
hazes,h,a,z,e,s
lores,l,o,r,e,s
marts,m,a,r,t,s
voids,v,o,i,d,s
ameba,a,m,e,b,a
rakes,r,a,k,e,s
adzes,a,d,z,e,s
harms,h,a,r,m,s
rears,r,e,a,r,s
satyr,s,a,t,y,r
swill,s,w,i,l,l
hexes,h,e,x,e,s
colic,c,o,l,i,c
leeks,l,e,e,k,s
hurls,h,u,r,l,s
yowls,y,o,w,l,s
ivies,i,v,i,e,s
plops,p,l,o,p,s
musks,m,u,s,k,s
papaw,p,a,p,a,w
jells,j,e,l,l,s
bused,b,u,s,e,d
cruet,c,r,u,e,t
bided,b,i,d,e,d
filch,f,i,l,c,h
zests,z,e,s,t,s
rooks,r,o,o,k,s
laxly,l,a,x,l,y
rends,r,e,n,d,s
loams,l,o,a,m,s
basks,b,a,s,k,s
sires,s,i,r,e,s
carps,c,a,r,p,s
pokey,p,o,k,e,y
flits,f,l,i,t,s
muses,m,u,s,e,s
bawls,b,a,w,l,s
shuck,s,h,u,c,k
viler,v,i,l,e,r
lisps,l,i,s,p,s
peeps,p,e,e,p,s
sorer,s,o,r,e,r
lolls,l,o,l,l,s
prude,p,r,u,d,e
diked,d,i,k,e,d
floss,f,l,o,s,s
flogs,f,l,o,g,s
scums,s,c,u,m,s
dopes,d,o,p,e,s
bogie,b,o,g,i,e
pinky,p,i,n,k,y
leafs,l,e,a,f,s
tubas,t,u,b,a,s
scads,s,c,a,d,s
lowed,l,o,w,e,d
yeses,y,e,s,e,s
biked,b,i,k,e,d
qualm,q,u,a,l,m
evens,e,v,e,n,s
caned,c,a,n,e,d
gawks,g,a,w,k,s
whits,w,h,i,t,s
wooly,w,o,o,l,y
gluts,g,l,u,t,s
romps,r,o,m,p,s
bests,b,e,s,t,s
dunce,d,u,n,c,e
crony,c,r,o,n,y
joist,j,o,i,s,t
tunas,t,u,n,a,s
boner,b,o,n,e,r
malls,m,a,l,l,s
parch,p,a,r,c,h
avers,a,v,e,r,s
crams,c,r,a,m,s
pares,p,a,r,e,s
dally,d,a,l,l,y
bigot,b,i,g,o,t
kales,k,a,l,e,s
flays,f,l,a,y,s
leach,l,e,a,c,h
gushy,g,u,s,h,y
pooch,p,o,o,c,h
huger,h,u,g,e,r
slyer,s,l,y,e,r
golfs,g,o,l,f,s
mires,m,i,r,e,s
flues,f,l,u,e,s
loafs,l,o,a,f,s
arced,a,r,c,e,d
acnes,a,c,n,e,s
neons,n,e,o,n,s
fiefs,f,i,e,f,s
dints,d,i,n,t,s
dazes,d,a,z,e,s
pouts,p,o,u,t,s
cored,c,o,r,e,d
yules,y,u,l,e,s
lilts,l,i,l,t,s
beefs,b,e,e,f,s
mutts,m,u,t,t,s
fells,f,e,l,l,s
cowls,c,o,w,l,s
spuds,s,p,u,d,s
lames,l,a,m,e,s
jawed,j,a,w,e,d
dupes,d,u,p,e,s
deads,d,e,a,d,s
bylaw,b,y,l,a,w
noons,n,o,o,n,s
nifty,n,i,f,t,y
clued,c,l,u,e,d
vireo,v,i,r,e,o
gapes,g,a,p,e,s
metes,m,e,t,e,s
cuter,c,u,t,e,r
maims,m,a,i,m,s
droll,d,r,o,l,l
cupid,c,u,p,i,d
mauls,m,a,u,l,s
sedge,s,e,d,g,e
papas,p,a,p,a,s
wheys,w,h,e,y,s
eking,e,k,i,n,g
loots,l,o,o,t,s
hilts,h,i,l,t,s
meows,m,e,o,w,s
beaus,b,e,a,u,s
dices,d,i,c,e,s
peppy,p,e,p,p,y
riper,r,i,p,e,r
fogey,f,o,g,e,y
gists,g,i,s,t,s
yogas,y,o,g,a,s
gilts,g,i,l,t,s
skews,s,k,e,w,s
cedes,c,e,d,e,s
zeals,z,e,a,l,s
alums,a,l,u,m,s
okays,o,k,a,y,s
elope,e,l,o,p,e
grump,g,r,u,m,p
wafts,w,a,f,t,s
soots,s,o,o,t,s
blimp,b,l,i,m,p
hefts,h,e,f,t,s
mulls,m,u,l,l,s
hosed,h,o,s,e,d
cress,c,r,e,s,s
doffs,d,o,f,f,s
ruder,r,u,d,e,r
pixie,p,i,x,i,e
waifs,w,a,i,f,s
ousts,o,u,s,t,s
pucks,p,u,c,k,s
biers,b,i,e,r,s
gulch,g,u,l,c,h
suets,s,u,e,t,s
hobos,h,o,b,o,s
lints,l,i,n,t,s
brans,b,r,a,n,s
teals,t,e,a,l,s
garbs,g,a,r,b,s
pewee,p,e,w,e,e
helms,h,e,l,m,s
turfs,t,u,r,f,s
quips,q,u,i,p,s
wends,w,e,n,d,s
banes,b,a,n,e,s
napes,n,a,p,e,s
icier,i,c,i,e,r
swats,s,w,a,t,s
bagel,b,a,g,e,l
hexed,h,e,x,e,d
ogres,o,g,r,e,s
goner,g,o,n,e,r
gilds,g,i,l,d,s
pyres,p,y,r,e,s
lards,l,a,r,d,s
bides,b,i,d,e,s
paged,p,a,g,e,d
talon,t,a,l,o,n
flout,f,l,o,u,t
medic,m,e,d,i,c
veals,v,e,a,l,s
putts,p,u,t,t,s
dirks,d,i,r,k,s
dotes,d,o,t,e,s
tippy,t,i,p,p,y
blurt,b,l,u,r,t
piths,p,i,t,h,s
acing,a,c,i,n,g
barer,b,a,r,e,r
whets,w,h,e,t,s
gaits,g,a,i,t,s
wools,w,o,o,l,s
dunks,d,u,n,k,s
heros,h,e,r,o,s
swabs,s,w,a,b,s
dirts,d,i,r,t,s
jutes,j,u,t,e,s
hemps,h,e,m,p,s
surfs,s,u,r,f,s
okapi,o,k,a,p,i
chows,c,h,o,w,s
shoos,s,h,o,o,s
dusks,d,u,s,k,s
parry,p,a,r,r,y
decal,d,e,c,a,l
furls,f,u,r,l,s
cilia,c,i,l,i,a
sears,s,e,a,r,s
novae,n,o,v,a,e
murks,m,u,r,k,s
warps,w,a,r,p,s
slues,s,l,u,e,s
lamer,l,a,m,e,r
saris,s,a,r,i,s
weans,w,e,a,n,s
purrs,p,u,r,r,s
dills,d,i,l,l,s
togas,t,o,g,a,s
newts,n,e,w,t,s
meany,m,e,a,n,y
bunts,b,u,n,t,s
razes,r,a,z,e,s
goons,g,o,o,n,s
wicks,w,i,c,k,s
ruses,r,u,s,e,s
vends,v,e,n,d,s
geode,g,e,o,d,e
drake,d,r,a,k,e
judos,j,u,d,o,s
lofts,l,o,f,t,s
pulps,p,u,l,p,s
lauds,l,a,u,d,s
mucks,m,u,c,k,s
vises,v,i,s,e,s
mocha,m,o,c,h,a
oiled,o,i,l,e,d
roman,r,o,m,a,n
ethyl,e,t,h,y,l
gotta,g,o,t,t,a
fugue,f,u,g,u,e
smack,s,m,a,c,k
gourd,g,o,u,r,d
bumpy,b,u,m,p,y
radix,r,a,d,i,x
fatty,f,a,t,t,y
borax,b,o,r,a,x
cubit,c,u,b,i,t
cacti,c,a,c,t,i
gamma,g,a,m,m,a
focal,f,o,c,a,l
avail,a,v,a,i,l
papal,p,a,p,a,l
golly,g,o,l,l,y
elite,e,l,i,t,e
versa,v,e,r,s,a
billy,b,i,l,l,y
adieu,a,d,i,e,u
annum,a,n,n,u,m
howdy,h,o,w,d,y
rhino,r,h,i,n,o
norms,n,o,r,m,s
bobby,b,o,b,b,y
axiom,a,x,i,o,m
setup,s,e,t,u,p
yolks,y,o,l,k,s
terns,t,e,r,n,s
mixer,m,i,x,e,r
genre,g,e,n,r,e
knoll,k,n,o,l,l
abode,a,b,o,d,e
junta,j,u,n,t,a
gorge,g,o,r,g,e
combo,c,o,m,b,o
alpha,a,l,p,h,a
overt,o,v,e,r,t
kinda,k,i,n,d,a
spelt,s,p,e,l,t
prick,p,r,i,c,k
nobly,n,o,b,l,y
ephod,e,p,h,o,d
audio,a,u,d,i,o
modal,m,o,d,a,l
veldt,v,e,l,d,t
warty,w,a,r,t,y
fluke,f,l,u,k,e
bonny,b,o,n,n,y
bream,b,r,e,a,m
rosin,r,o,s,i,n
bolls,b,o,l,l,s
doers,d,o,e,r,s
downs,d,o,w,n,s
beady,b,e,a,d,y
motif,m,o,t,i,f
humph,h,u,m,p,h
fella,f,e,l,l,a
mould,m,o,u,l,d
crepe,c,r,e,p,e
kerns,k,e,r,n,s
aloha,a,l,o,h,a
glyph,g,l,y,p,h
azure,a,z,u,r,e
riser,r,i,s,e,r
blest,b,l,e,s,t
locus,l,o,c,u,s
lumpy,l,u,m,p,y
beryl,b,e,r,y,l
wanna,w,a,n,n,a
brier,b,r,i,e,r
tuner,t,u,n,e,r
rowdy,r,o,w,d,y
mural,m,u,r,a,l
timer,t,i,m,e,r
canst,c,a,n,s,t
krill,k,r,i,l,l
quoth,q,u,o,t,h
lemme,l,e,m,m,e
triad,t,r,i,a,d
tenon,t,e,n,o,n
amply,a,m,p,l,y
deeps,d,e,e,p,s
padre,p,a,d,r,e
leant,l,e,a,n,t
pacer,p,a,c,e,r
octal,o,c,t,a,l
dolly,d,o,l,l,y
trans,t,r,a,n,s
sumac,s,u,m,a,c
foamy,f,o,a,m,y
lolly,l,o,l,l,y
giver,g,i,v,e,r
quipu,q,u,i,p,u
codex,c,o,d,e,x
manna,m,a,n,n,a
unwed,u,n,w,e,d
vodka,v,o,d,k,a
ferny,f,e,r,n,y
salon,s,a,l,o,n
duple,d,u,p,l,e
boron,b,o,r,o,n
revue,r,e,v,u,e
crier,c,r,i,e,r
alack,a,l,a,c,k
inter,i,n,t,e,r
dilly,d,i,l,l,y
whist,w,h,i,s,t
cults,c,u,l,t,s
spake,s,p,a,k,e
reset,r,e,s,e,t
loess,l,o,e,s,s
decor,d,e,c,o,r
mover,m,o,v,e,r
verve,v,e,r,v,e
ethic,e,t,h,i,c
gamut,g,a,m,u,t
lingo,l,i,n,g,o
dunno,d,u,n,n,o
align,a,l,i,g,n
sissy,s,i,s,s,y
incur,i,n,c,u,r
reedy,r,e,e,d,y
avant,a,v,a,n,t
piper,p,i,p,e,r
waxer,w,a,x,e,r
calyx,c,a,l,y,x
basil,b,a,s,i,l
coons,c,o,o,n,s
seine,s,e,i,n,e
piney,p,i,n,e,y
lemma,l,e,m,m,a
trams,t,r,a,m,s
winch,w,i,n,c,h
whirr,w,h,i,r,r
saith,s,a,i,t,h
ionic,i,o,n,i,c
heady,h,e,a,d,y
harem,h,a,r,e,m
tummy,t,u,m,m,y
sally,s,a,l,l,y
shied,s,h,i,e,d
dross,d,r,o,s,s
farad,f,a,r,a,d
saver,s,a,v,e,r
tilde,t,i,l,d,e
jingo,j,i,n,g,o
bower,b,o,w,e,r
serif,s,e,r,i,f
facto,f,a,c,t,o
belle,b,e,l,l,e
inset,i,n,s,e,t
bogus,b,o,g,u,s
caved,c,a,v,e,d
forte,f,o,r,t,e
sooty,s,o,o,t,y
bongo,b,o,n,g,o
toves,t,o,v,e,s
credo,c,r,e,d,o
basal,b,a,s,a,l
yella,y,e,l,l,a
aglow,a,g,l,o,w
glean,g,l,e,a,n
gusto,g,u,s,t,o
hymen,h,y,m,e,n
ethos,e,t,h,o,s
terra,t,e,r,r,a
brash,b,r,a,s,h
scrip,s,c,r,i,p
swash,s,w,a,s,h
aleph,a,l,e,p,h
tinny,t,i,n,n,y
itchy,i,t,c,h,y
wanta,w,a,n,t,a
trice,t,r,i,c,e
jowls,j,o,w,l,s
gongs,g,o,n,g,s
garde,g,a,r,d,e
boric,b,o,r,i,c
twill,t,w,i,l,l
sower,s,o,w,e,r
henry,h,e,n,r,y
awash,a,w,a,s,h
libel,l,i,b,e,l
spurn,s,p,u,r,n
sabre,s,a,b,r,e
rebut,r,e,b,u,t
penal,p,e,n,a,l
obese,o,b,e,s,e
sonny,s,o,n,n,y
quirt,q,u,i,r,t
mebbe,m,e,b,b,e
tacit,t,a,c,i,t
greek,g,r,e,e,k
xenon,x,e,n,o,n
hullo,h,u,l,l,o
pique,p,i,q,u,e
roger,r,o,g,e,r
negro,n,e,g,r,o
hadst,h,a,d,s,t
gecko,g,e,c,k,o
beget,b,e,g,e,t
uncut,u,n,c,u,t
aloes,a,l,o,e,s
louis,l,o,u,i,s
quint,q,u,i,n,t
clunk,c,l,u,n,k
raped,r,a,p,e,d
salvo,s,a,l,v,o
diode,d,i,o,d,e
matey,m,a,t,e,y
hertz,h,e,r,t,z
xylem,x,y,l,e,m
kiosk,k,i,o,s,k
apace,a,p,a,c,e
cawed,c,a,w,e,d
peter,p,e,t,e,r
wench,w,e,n,c,h
cohos,c,o,h,o,s
sorta,s,o,r,t,a
gamba,g,a,m,b,a
bytes,b,y,t,e,s
tango,t,a,n,g,o
nutty,n,u,t,t,y
axial,a,x,i,a,l
aleck,a,l,e,c,k
natal,n,a,t,a,l
clomp,c,l,o,m,p
gored,g,o,r,e,d
siree,s,i,r,e,e
bandy,b,a,n,d,y
gunny,g,u,n,n,y
runic,r,u,n,i,c
whizz,w,h,i,z,z
rupee,r,u,p,e,e
fated,f,a,t,e,d
wiper,w,i,p,e,r
bards,b,a,r,d,s
briny,b,r,i,n,y
staid,s,t,a,i,d
hocks,h,o,c,k,s
ochre,o,c,h,r,e
yummy,y,u,m,m,y
gents,g,e,n,t,s
soupy,s,o,u,p,y
roper,r,o,p,e,r
swath,s,w,a,t,h
cameo,c,a,m,e,o
edger,e,d,g,e,r
spate,s,p,a,t,e
gimme,g,i,m,m,e
ebbed,e,b,b,e,d
breve,b,r,e,v,e
theta,t,h,e,t,a
deems,d,e,e,m,s
dykes,d,y,k,e,s
servo,s,e,r,v,o
telly,t,e,l,l,y
tabby,t,a,b,b,y
tares,t,a,r,e,s
blocs,b,l,o,c,s
welch,w,e,l,c,h
ghoul,g,h,o,u,l
vitae,v,i,t,a,e
cumin,c,u,m,i,n
dinky,d,i,n,k,y
bronc,b,r,o,n,c
tabor,t,a,b,o,r
teeny,t,e,e,n,y
comer,c,o,m,e,r
borer,b,o,r,e,r
sired,s,i,r,e,d
privy,p,r,i,v,y
mammy,m,a,m,m,y
deary,d,e,a,r,y
gyros,g,y,r,o,s
sprit,s,p,r,i,t
conga,c,o,n,g,a
quire,q,u,i,r,e
thugs,t,h,u,g,s
furor,f,u,r,o,r
bloke,b,l,o,k,e
runes,r,u,n,e,s
bawdy,b,a,w,d,y
cadre,c,a,d,r,e
toxin,t,o,x,i,n
annul,a,n,n,u,l
egged,e,g,g,e,d
anion,a,n,i,o,n
nodes,n,o,d,e,s
picky,p,i,c,k,y
stein,s,t,e,i,n
jello,j,e,l,l,o
audit,a,u,d,i,t
echos,e,c,h,o,s
fagot,f,a,g,o,t
letup,l,e,t,u,p
eyrie,e,y,r,i,e
fount,f,o,u,n,t
caped,c,a,p,e,d
axons,a,x,o,n,s
amuck,a,m,u,c,k
banal,b,a,n,a,l
riled,r,i,l,e,d
petit,p,e,t,i,t
umber,u,m,b,e,r
miler,m,i,l,e,r
fibre,f,i,b,r,e
agave,a,g,a,v,e
bated,b,a,t,e,d
bilge,b,i,l,g,e
vitro,v,i,t,r,o
feint,f,e,i,n,t
pudgy,p,u,d,g,y
mater,m,a,t,e,r
manic,m,a,n,i,c
umped,u,m,p,e,d
pesky,p,e,s,k,y
strep,s,t,r,e,p
slurp,s,l,u,r,p
pylon,p,y,l,o,n
puree,p,u,r,e,e
caret,c,a,r,e,t
temps,t,e,m,p,s
newel,n,e,w,e,l
yawns,y,a,w,n,s
seedy,s,e,e,d,y
treed,t,r,e,e,d
coups,c,o,u,p,s
rangy,r,a,n,g,y
brads,b,r,a,d,s
mangy,m,a,n,g,y
loner,l,o,n,e,r
circa,c,i,r,c,a
tibia,t,i,b,i,a
afoul,a,f,o,u,l
mommy,m,o,m,m,y
titer,t,i,t,e,r
carne,c,a,r,n,e
kooky,k,o,o,k,y
motes,m,o,t,e,s
amity,a,m,i,t,y
suave,s,u,a,v,e
hippo,h,i,p,p,o
curvy,c,u,r,v,y
samba,s,a,m,b,a
newsy,n,e,w,s,y
anise,a,n,i,s,e
imams,i,m,a,m,s
tulle,t,u,l,l,e
aways,a,w,a,y,s
liven,l,i,v,e,n
hallo,h,a,l,l,o
wales,w,a,l,e,s
opted,o,p,t,e,d
canto,c,a,n,t,o
idyll,i,d,y,l,l
bodes,b,o,d,e,s
curio,c,u,r,i,o
wrack,w,r,a,c,k
hiker,h,i,k,e,r
chive,c,h,i,v,e
yokel,y,o,k,e,l
dotty,d,o,t,t,y
demur,d,e,m,u,r
cusps,c,u,s,p,s
specs,s,p,e,c,s
quads,q,u,a,d,s
laity,l,a,i,t,y
toner,t,o,n,e,r
decry,d,e,c,r,y
writs,w,r,i,t,s
saute,s,a,u,t,e
clack,c,l,a,c,k
aught,a,u,g,h,t
logos,l,o,g,o,s
tipsy,t,i,p,s,y
natty,n,a,t,t,y
ducal,d,u,c,a,l
bidet,b,i,d,e,t
bulgy,b,u,l,g,y
metre,m,e,t,r,e
lusts,l,u,s,t,s
unary,u,n,a,r,y
goeth,g,o,e,t,h
baler,b,a,l,e,r
sited,s,i,t,e,d
shies,s,h,i,e,s
hasps,h,a,s,p,s
brung,b,r,u,n,g
holed,h,o,l,e,d
swank,s,w,a,n,k
looky,l,o,o,k,y
melee,m,e,l,e,e
huffy,h,u,f,f,y
loamy,l,o,a,m,y
pimps,p,i,m,p,s
titan,t,i,t,a,n
binge,b,i,n,g,e
shunt,s,h,u,n,t
femur,f,e,m,u,r
libra,l,i,b,r,a
seder,s,e,d,e,r
honed,h,o,n,e,d
annas,a,n,n,a,s
coypu,c,o,y,p,u
shims,s,h,i,m,s
zowie,z,o,w,i,e
jihad,j,i,h,a,d
savvy,s,a,v,v,y
nadir,n,a,d,i,r
basso,b,a,s,s,o
monic,m,o,n,i,c
maned,m,a,n,e,d
mousy,m,o,u,s,y
omega,o,m,e,g,a
laver,l,a,v,e,r
prima,p,r,i,m,a
picas,p,i,c,a,s
folio,f,o,l,i,o
mecca,m,e,c,c,a
reals,r,e,a,l,s
troth,t,r,o,t,h
testy,t,e,s,t,y
balky,b,a,l,k,y
crimp,c,r,i,m,p
chink,c,h,i,n,k
abets,a,b,e,t,s
splat,s,p,l,a,t
abaci,a,b,a,c,i
vaunt,v,a,u,n,t
cutie,c,u,t,i,e
pasty,p,a,s,t,y
moray,m,o,r,a,y
levis,l,e,v,i,s
ratty,r,a,t,t,y
islet,i,s,l,e,t
joust,j,o,u,s,t
motet,m,o,t,e,t
viral,v,i,r,a,l
nukes,n,u,k,e,s
grads,g,r,a,d,s
comfy,c,o,m,f,y
voila,v,o,i,l,a
woozy,w,o,o,z,y
blued,b,l,u,e,d
whomp,w,h,o,m,p
sward,s,w,a,r,d
metro,m,e,t,r,o
skeet,s,k,e,e,t
chine,c,h,i,n,e
aerie,a,e,r,i,e
bowie,b,o,w,i,e
tubby,t,u,b,b,y
emirs,e,m,i,r,s
coati,c,o,a,t,i
unzip,u,n,z,i,p
slobs,s,l,o,b,s
trike,t,r,i,k,e
funky,f,u,n,k,y
ducat,d,u,c,a,t
dewey,d,e,w,e,y
skoal,s,k,o,a,l
wadis,w,a,d,i,s
oomph,o,o,m,p,h
taker,t,a,k,e,r
minim,m,i,n,i,m
getup,g,e,t,u,p
stoic,s,t,o,i,c
synod,s,y,n,o,d
runty,r,u,n,t,y
flyby,f,l,y,b,y
braze,b,r,a,z,e
inlay,i,n,l,a,y
venue,v,e,n,u,e
louts,l,o,u,t,s
peaty,p,e,a,t,y
orlon,o,r,l,o,n
humpy,h,u,m,p,y
radon,r,a,d,o,n
beaut,b,e,a,u,t
raspy,r,a,s,p,y
unfed,u,n,f,e,d
crick,c,r,i,c,k
nappy,n,a,p,p,y
vizor,v,i,z,o,r
yipes,y,i,p,e,s
rebus,r,e,b,u,s
divot,d,i,v,o,t
kiwis,k,i,w,i,s
vetch,v,e,t,c,h
squib,s,q,u,i,b
sitar,s,i,t,a,r
kiddo,k,i,d,d,o
dyers,d,y,e,r,s
cotta,c,o,t,t,a
matzo,m,a,t,z,o
lager,l,a,g,e,r
zebus,z,e,b,u,s
crass,c,r,a,s,s
dacha,d,a,c,h,a
kneed,k,n,e,e,d
dicta,d,i,c,t,a
fakir,f,a,k,i,r
knurl,k,n,u,r,l
runny,r,u,n,n,y
unpin,u,n,p,i,n
julep,j,u,l,e,p
globs,g,l,o,b,s
nudes,n,u,d,e,s
sushi,s,u,s,h,i
tacky,t,a,c,k,y
stoke,s,t,o,k,e
kaput,k,a,p,u,t
butch,b,u,t,c,h
hulas,h,u,l,a,s
croft,c,r,o,f,t
achoo,a,c,h,o,o
genii,g,e,n,i,i
nodal,n,o,d,a,l
outgo,o,u,t,g,o
spiel,s,p,i,e,l
viols,v,i,o,l,s
fetid,f,e,t,i,d
cagey,c,a,g,e,y
fudgy,f,u,d,g,y
epoxy,e,p,o,x,y
leggy,l,e,g,g,y
hanky,h,a,n,k,y
lapis,l,a,p,i,s
felon,f,e,l,o,n
beefy,b,e,e,f,y
coots,c,o,o,t,s
melba,m,e,l,b,a
caddy,c,a,d,d,y
segue,s,e,g,u,e
betel,b,e,t,e,l
frizz,f,r,i,z,z
drear,d,r,e,a,r
kooks,k,o,o,k,s
turbo,t,u,r,b,o
hoagy,h,o,a,g,y
moult,m,o,u,l,t
helix,h,e,l,i,x
zonal,z,o,n,a,l
arias,a,r,i,a,s
nosey,n,o,s,e,y
paean,p,a,e,a,n
lacey,l,a,c,e,y
banns,b,a,n,n,s
swain,s,w,a,i,n
fryer,f,r,y,e,r
retch,r,e,t,c,h
tenet,t,e,n,e,t
gigas,g,i,g,a,s
whiny,w,h,i,n,y
ogled,o,g,l,e,d
rumen,r,u,m,e,n
begot,b,e,g,o,t
cruse,c,r,u,s,e
abuts,a,b,u,t,s
riven,r,i,v,e,n
balks,b,a,l,k,s
sines,s,i,n,e,s
sigma,s,i,g,m,a
abase,a,b,a,s,e
ennui,e,n,n,u,i
gores,g,o,r,e,s
unset,u,n,s,e,t
augur,a,u,g,u,r
sated,s,a,t,e,d
odium,o,d,i,u,m
latin,l,a,t,i,n
dings,d,i,n,g,s
moire,m,o,i,r,e
scion,s,c,i,o,n
henna,h,e,n,n,a
kraut,k,r,a,u,t
dicks,d,i,c,k,s
lifer,l,i,f,e,r
prigs,p,r,i,g,s
bebop,b,e,b,o,p
gages,g,a,g,e,s
gazer,g,a,z,e,r
fanny,f,a,n,n,y
gibes,g,i,b,e,s
aural,a,u,r,a,l
tempi,t,e,m,p,i
hooch,h,o,o,c,h
rapes,r,a,p,e,s
snuck,s,n,u,c,k
harts,h,a,r,t,s
techs,t,e,c,h,s
emend,e,m,e,n,d
ninny,n,i,n,n,y
guava,g,u,a,v,a
scarp,s,c,a,r,p
liege,l,i,e,g,e
tufty,t,u,f,t,y
sepia,s,e,p,i,a
tomes,t,o,m,e,s
carob,c,a,r,o,b
emcee,e,m,c,e,e
prams,p,r,a,m,s
poser,p,o,s,e,r
verso,v,e,r,s,o
hubba,h,u,b,b,a
joule,j,o,u,l,e
baize,b,a,i,z,e
blips,b,l,i,p,s
scrim,s,c,r,i,m
cubby,c,u,b,b,y
clave,c,l,a,v,e
winos,w,i,n,o,s
rearm,r,e,a,r,m
liens,l,i,e,n,s
lumen,l,u,m,e,n
chump,c,h,u,m,p
nanny,n,a,n,n,y
trump,t,r,u,m,p
fichu,f,i,c,h,u
chomp,c,h,o,m,p
homos,h,o,m,o,s
purty,p,u,r,t,y
maser,m,a,s,e,r
woosh,w,o,o,s,h
patsy,p,a,t,s,y
shill,s,h,i,l,l
rusks,r,u,s,k,s
avast,a,v,a,s,t
swami,s,w,a,m,i
boded,b,o,d,e,d
ahhhh,a,h,h,h,h
lobed,l,o,b,e,d
natch,n,a,t,c,h
shish,s,h,i,s,h
tansy,t,a,n,s,y
snoot,s,n,o,o,t
payer,p,a,y,e,r
altho,a,l,t,h,o
sappy,s,a,p,p,y
laxer,l,a,x,e,r
hubby,h,u,b,b,y
aegis,a,e,g,i,s
riles,r,i,l,e,s
ditto,d,i,t,t,o
jazzy,j,a,z,z,y
dingo,d,i,n,g,o
quasi,q,u,a,s,i
septa,s,e,p,t,a
peaky,p,e,a,k,y
lorry,l,o,r,r,y
heerd,h,e,e,r,d
bitty,b,i,t,t,y
payee,p,a,y,e,e
seamy,s,e,a,m,y
apses,a,p,s,e,s
imbue,i,m,b,u,e
belie,b,e,l,i,e
chary,c,h,a,r,y
spoof,s,p,o,o,f
phyla,p,h,y,l,a
clime,c,l,i,m,e
babel,b,a,b,e,l
wacky,w,a,c,k,y
sumps,s,u,m,p,s
skids,s,k,i,d,s
khans,k,h,a,n,s
crypt,c,r,y,p,t
inure,i,n,u,r,e
nonce,n,o,n,c,e
outen,o,u,t,e,n
faire,f,a,i,r,e
hooey,h,o,o,e,y
anole,a,n,o,l,e
kazoo,k,a,z,o,o
calve,c,a,l,v,e
limbo,l,i,m,b,o
argot,a,r,g,o,t
ducky,d,u,c,k,y
faker,f,a,k,e,r
vibes,v,i,b,e,s
gassy,g,a,s,s,y
unlit,u,n,l,i,t
nervy,n,e,r,v,y
femme,f,e,m,m,e
biter,b,i,t,e,r
fiche,f,i,c,h,e
boors,b,o,o,r,s
gaffe,g,a,f,f,e
saxes,s,a,x,e,s
recap,r,e,c,a,p
synch,s,y,n,c,h
facie,f,a,c,i,e
dicey,d,i,c,e,y
ouija,o,u,i,j,a
hewer,h,e,w,e,r
legit,l,e,g,i,t
gurus,g,u,r,u,s
edify,e,d,i,f,y
tweak,t,w,e,a,k
caron,c,a,r,o,n
typos,t,y,p,o,s
rerun,r,e,r,u,n
polly,p,o,l,l,y
surds,s,u,r,d,s
hamza,h,a,m,z,a
nulls,n,u,l,l,s
hater,h,a,t,e,r
lefty,l,e,f,t,y
mogul,m,o,g,u,l
mafia,m,a,f,i,a
debug,d,e,b,u,g
pates,p,a,t,e,s
blabs,b,l,a,b,s
splay,s,p,l,a,y
talus,t,a,l,u,s
porno,p,o,r,n,o
moola,m,o,o,l,a
nixed,n,i,x,e,d
kilos,k,i,l,o,s
snide,s,n,i,d,e
horsy,h,o,r,s,y
gesso,g,e,s,s,o
jaggy,j,a,g,g,y
trove,t,r,o,v,e
nixes,n,i,x,e,s
creel,c,r,e,e,l
pater,p,a,t,e,r
iotas,i,o,t,a,s
cadge,c,a,d,g,e
skyed,s,k,y,e,d
hokum,h,o,k,u,m
furze,f,u,r,z,e
ankhs,a,n,k,h,s
curie,c,u,r,i,e
nutsy,n,u,t,s,y
hilum,h,i,l,u,m
remix,r,e,m,i,x
angst,a,n,g,s,t
burls,b,u,r,l,s
jimmy,j,i,m,m,y
veiny,v,e,i,n,y
tryst,t,r,y,s,t
codon,c,o,d,o,n
befog,b,e,f,o,g
gamed,g,a,m,e,d
flume,f,l,u,m,e
axman,a,x,m,a,n
doozy,d,o,o,z,y
lubes,l,u,b,e,s
rheas,r,h,e,a,s
bozos,b,o,z,o,s
butyl,b,u,t,y,l
kelly,k,e,l,l,y
mynah,m,y,n,a,h
jocks,j,o,c,k,s
donut,d,o,n,u,t
avian,a,v,i,a,n
wurst,w,u,r,s,t
chock,c,h,o,c,k
quash,q,u,a,s,h
quals,q,u,a,l,s
hayed,h,a,y,e,d
bombe,b,o,m,b,e
cushy,c,u,s,h,y
spacy,s,p,a,c,y
puked,p,u,k,e,d
leery,l,e,e,r,y
thews,t,h,e,w,s
prink,p,r,i,n,k
amens,a,m,e,n,s
tesla,t,e,s,l,a
intro,i,n,t,r,o
fiver,f,i,v,e,r
frump,f,r,u,m,p
capos,c,a,p,o,s
opine,o,p,i,n,e
coder,c,o,d,e,r
namer,n,a,m,e,r
jowly,j,o,w,l,y
pukes,p,u,k,e,s
haled,h,a,l,e,d
chard,c,h,a,r,d
duffs,d,u,f,f,s
bruin,b,r,u,i,n
reuse,r,e,u,s,e
whang,w,h,a,n,g
toons,t,o,o,n,s
frats,f,r,a,t,s
silty,s,i,l,t,y
telex,t,e,l,e,x
cutup,c,u,t,u,p
nisei,n,i,s,e,i
neato,n,e,a,t,o
decaf,d,e,c,a,f
softy,s,o,f,t,y
bimbo,b,i,m,b,o
adlib,a,d,l,i,b
loony,l,o,o,n,y
shoed,s,h,o,e,d
agues,a,g,u,e,s
peeve,p,e,e,v,e
noway,n,o,w,a,y
gamey,g,a,m,e,y
sarge,s,a,r,g,e
reran,r,e,r,a,n
epact,e,p,a,c,t
potty,p,o,t,t,y
coned,c,o,n,e,d
upend,u,p,e,n,d
narco,n,a,r,c,o
ikats,i,k,a,t,s
whorl,w,h,o,r,l
jinks,j,i,n,k,s
tizzy,t,i,z,z,y
weepy,w,e,e,p,y
posit,p,o,s,i,t
marge,m,a,r,g,e
vegan,v,e,g,a,n
clops,c,l,o,p,s
numbs,n,u,m,b,s
reeks,r,e,e,k,s
rubes,r,u,b,e,s
rower,r,o,w,e,r
biped,b,i,p,e,d
tiffs,t,i,f,f,s
hocus,h,o,c,u,s
hammy,h,a,m,m,y
bunco,b,u,n,c,o
fixit,f,i,x,i,t
tykes,t,y,k,e,s
chaws,c,h,a,w,s
yucky,y,u,c,k,y
hokey,h,o,k,e,y
resew,r,e,s,e,w
maven,m,a,v,e,n
adman,a,d,m,a,n
scuzz,s,c,u,z,z
slogs,s,l,o,g,s
souse,s,o,u,s,e
nacho,n,a,c,h,o
mimed,m,i,m,e,d
melds,m,e,l,d,s
boffo,b,o,f,f,o
debit,d,e,b,i,t
pinup,p,i,n,u,p
vagus,v,a,g,u,s
gulag,g,u,l,a,g
randy,r,a,n,d,y
bosun,b,o,s,u,n
educe,e,d,u,c,e
faxes,f,a,x,e,s
auras,a,u,r,a,s
pesto,p,e,s,t,o
antsy,a,n,t,s,y
betas,b,e,t,a,s
fizzy,f,i,z,z,y
dorky,d,o,r,k,y
snits,s,n,i,t,s
moxie,m,o,x,i,e
thane,t,h,a,n,e
mylar,m,y,l,a,r
nobby,n,o,b,b,y
gamin,g,a,m,i,n
gouty,g,o,u,t,y
esses,e,s,s,e,s
goyim,g,o,y,i,m
paned,p,a,n,e,d
druid,d,r,u,i,d
jades,j,a,d,e,s
rehab,r,e,h,a,b
gofer,g,o,f,e,r
tzars,t,z,a,r,s
octet,o,c,t,e,t
homed,h,o,m,e,d
socko,s,o,c,k,o
dorks,d,o,r,k,s
eared,e,a,r,e,d
anted,a,n,t,e,d
elide,e,l,i,d,e
fazes,f,a,z,e,s
oxbow,o,x,b,o,w
dowse,d,o,w,s,e
situs,s,i,t,u,s
macaw,m,a,c,a,w
scone,s,c,o,n,e
drily,d,r,i,l,y
hyper,h,y,p,e,r
salsa,s,a,l,s,a
mooch,m,o,o,c,h
gated,g,a,t,e,d
unjam,u,n,j,a,m
lipid,l,i,p,i,d
mitre,m,i,t,r,e
venal,v,e,n,a,l
knish,k,n,i,s,h
ritzy,r,i,t,z,y
divas,d,i,v,a,s
torus,t,o,r,u,s
mange,m,a,n,g,e
dimer,d,i,m,e,r
recut,r,e,c,u,t
meson,m,e,s,o,n
wined,w,i,n,e,d
fends,f,e,n,d,s
phage,p,h,a,g,e
fiats,f,i,a,t,s
caulk,c,a,u,l,k
cavil,c,a,v,i,l
panty,p,a,n,t,y
roans,r,o,a,n,s
bilks,b,i,l,k,s
hones,h,o,n,e,s
botch,b,o,t,c,h
estop,e,s,t,o,p
sully,s,u,l,l,y
sooth,s,o,o,t,h
gelds,g,e,l,d,s
ahold,a,h,o,l,d
raper,r,a,p,e,r
pager,p,a,g,e,r
fixer,f,i,x,e,r
infix,i,n,f,i,x
hicks,h,i,c,k,s
tuxes,t,u,x,e,s
plebe,p,l,e,b,e
twits,t,w,i,t,s
abash,a,b,a,s,h
twixt,t,w,i,x,t
wacko,w,a,c,k,o
primp,p,r,i,m,p
nabla,n,a,b,l,a
girts,g,i,r,t,s
miffs,m,i,f,f,s
emote,e,m,o,t,e
xerox,x,e,r,o,x
rebid,r,e,b,i,d
shahs,s,h,a,h,s
rutty,r,u,t,t,y
grout,g,r,o,u,t
grift,g,r,i,f,t
deify,d,e,i,f,y
biddy,b,i,d,d,y
kopek,k,o,p,e,k
semis,s,e,m,i,s
bries,b,r,i,e,s
acmes,a,c,m,e,s
piton,p,i,t,o,n
hussy,h,u,s,s,y
torts,t,o,r,t,s
disco,d,i,s,c,o
whore,w,h,o,r,e
boozy,b,o,o,z,y
gibed,g,i,b,e,d
vamps,v,a,m,p,s
amour,a,m,o,u,r
soppy,s,o,p,p,y
gonzo,g,o,n,z,o
durst,d,u,r,s,t
wader,w,a,d,e,r
tutus,t,u,t,u,s
perms,p,e,r,m,s
catty,c,a,t,t,y
glitz,g,l,i,t,z
brigs,b,r,i,g,s
nerds,n,e,r,d,s
barmy,b,a,r,m,y
gizmo,g,i,z,m,o
owlet,o,w,l,e,t
sayer,s,a,y,e,r
molls,m,o,l,l,s
shard,s,h,a,r,d
whops,w,h,o,p,s
comps,c,o,m,p,s
corer,c,o,r,e,r
colas,c,o,l,a,s
matte,m,a,t,t,e
droid,d,r,o,i,d
ploys,p,l,o,y,s
vapid,v,a,p,i,d
cairn,c,a,i,r,n
deism,d,e,i,s,m
mixup,m,i,x,u,p
yikes,y,i,k,e,s
prosy,p,r,o,s,y
raker,r,a,k,e,r
flubs,f,l,u,b,s
whish,w,h,i,s,h
reify,r,e,i,f,y
craps,c,r,a,p,s
shags,s,h,a,g,s
clone,c,l,o,n,e
hazed,h,a,z,e,d
macho,m,a,c,h,o
recto,r,e,c,t,o
refix,r,e,f,i,x
drams,d,r,a,m,s
biker,b,i,k,e,r
aquas,a,q,u,a,s
porky,p,o,r,k,y
doyen,d,o,y,e,n
exude,e,x,u,d,e
goofs,g,o,o,f,s
divvy,d,i,v,v,y
noels,n,o,e,l,s
jived,j,i,v,e,d
hulky,h,u,l,k,y
cager,c,a,g,e,r
harpy,h,a,r,p,y
oldie,o,l,d,i,e
vivas,v,i,v,a,s
admix,a,d,m,i,x
codas,c,o,d,a,s
zilch,z,i,l,c,h
deist,d,e,i,s,t
orcas,o,r,c,a,s
retro,r,e,t,r,o
pilaf,p,i,l,a,f
parse,p,a,r,s,e
rants,r,a,n,t,s
zingy,z,i,n,g,y
toddy,t,o,d,d,y
chiff,c,h,i,f,f
micro,m,i,c,r,o
veeps,v,e,e,p,s
girly,g,i,r,l,y
nexus,n,e,x,u,s
demos,d,e,m,o,s
bibbs,b,i,b,b,s
antes,a,n,t,e,s
lulus,l,u,l,u,s
gnarl,g,n,a,r,l
zippy,z,i,p,p,y
ivied,i,v,i,e,d
epees,e,p,e,e,s
wimps,w,i,m,p,s
tromp,t,r,o,m,p
grail,g,r,a,i,l
yoyos,y,o,y,o,s
poufs,p,o,u,f,s
hales,h,a,l,e,s
roust,r,o,u,s,t
cabal,c,a,b,a,l
rawer,r,a,w,e,r
pampa,p,a,m,p,a
mosey,m,o,s,e,y
kefir,k,e,f,i,r
burgs,b,u,r,g,s
unmet,u,n,m,e,t
cuspy,c,u,s,p,y
boobs,b,o,o,b,s
boons,b,o,o,n,s
hypes,h,y,p,e,s
dynes,d,y,n,e,s
nards,n,a,r,d,s
lanai,l,a,n,a,i
yogis,y,o,g,i,s
sepal,s,e,p,a,l
quark,q,u,a,r,k
toked,t,o,k,e,d
prate,p,r,a,t,e
ayins,a,y,i,n,s
hawed,h,a,w,e,d
swigs,s,w,i,g,s
vitas,v,i,t,a,s
toker,t,o,k,e,r
doper,d,o,p,e,r
bossa,b,o,s,s,a
linty,l,i,n,t,y
foist,f,o,i,s,t
mondo,m,o,n,d,o
stash,s,t,a,s,h
kayos,k,a,y,o,s
twerp,t,w,e,r,p
zesty,z,e,s,t,y
capon,c,a,p,o,n
wimpy,w,i,m,p,y
rewed,r,e,w,e,d
fungo,f,u,n,g,o
tarot,t,a,r,o,t
frosh,f,r,o,s,h
kabob,k,a,b,o,b
pinko,p,i,n,k,o
redid,r,e,d,i,d
mimeo,m,i,m,e,o
heist,h,e,i,s,t
tarps,t,a,r,p,s
lamas,l,a,m,a,s
sutra,s,u,t,r,a
dinar,d,i,n,a,r
whams,w,h,a,m,s
busty,b,u,s,t,y
spays,s,p,a,y,s
mambo,m,a,m,b,o
nabob,n,a,b,o,b
preps,p,r,e,p,s
odour,o,d,o,u,r
cabby,c,a,b,b,y
conks,c,o,n,k,s
sluff,s,l,u,f,f
dados,d,a,d,o,s
houri,h,o,u,r,i
swart,s,w,a,r,t
balms,b,a,l,m,s
gutsy,g,u,t,s,y
faxed,f,a,x,e,d
egads,e,g,a,d,s
pushy,p,u,s,h,y
retry,r,e,t,r,y
agora,a,g,o,r,a
drubs,d,r,u,b,s
daffy,d,a,f,f,y
chits,c,h,i,t,s
mufti,m,u,f,t,i
karma,k,a,r,m,a
lotto,l,o,t,t,o
toffs,t,o,f,f,s
burps,b,u,r,p,s
deuce,d,e,u,c,e
zings,z,i,n,g,s
kappa,k,a,p,p,a
clads,c,l,a,d,s
doggy,d,o,g,g,y
duper,d,u,p,e,r
scams,s,c,a,m,s
ogler,o,g,l,e,r
mimes,m,i,m,e,s
throe,t,h,r,o,e
zetas,z,e,t,a,s
waled,w,a,l,e,d
promo,p,r,o,m,o
blats,b,l,a,t,s
muffs,m,u,f,f,s
oinks,o,i,n,k,s
viand,v,i,a,n,d
coset,c,o,s,e,t
finks,f,i,n,k,s
faddy,f,a,d,d,y
minis,m,i,n,i,s
snafu,s,n,a,f,u
sauna,s,a,u,n,a
usury,u,s,u,r,y
muxes,m,u,x,e,s
craws,c,r,a,w,s
stats,s,t,a,t,s
condo,c,o,n,d,o
coxes,c,o,x,e,s
loopy,l,o,o,p,y
dorms,d,o,r,m,s
ascot,a,s,c,o,t
dippy,d,i,p,p,y
execs,e,x,e,c,s
dopey,d,o,p,e,y
envoi,e,n,v,o,i
umpty,u,m,p,t,y
gismo,g,i,s,m,o
fazed,f,a,z,e,d
strop,s,t,r,o,p
jives,j,i,v,e,s
slims,s,l,i,m,s
batik,b,a,t,i,k
pings,p,i,n,g,s
sonly,s,o,n,l,y
leggo,l,e,g,g,o
pekoe,p,e,k,o,e
prawn,p,r,a,w,n
luaus,l,u,a,u,s
campy,c,a,m,p,y
oodle,o,o,d,l,e
prexy,p,r,e,x,y
proms,p,r,o,m,s
touts,t,o,u,t,s
ogles,o,g,l,e,s
tweet,t,w,e,e,t
toady,t,o,a,d,y
naiad,n,a,i,a,d
hider,h,i,d,e,r
nuked,n,u,k,e,d
fatso,f,a,t,s,o
sluts,s,l,u,t,s
obits,o,b,i,t,s
narcs,n,a,r,c,s
tyros,t,y,r,o,s
delis,d,e,l,i,s
wooer,w,o,o,e,r
hyped,h,y,p,e,d
poset,p,o,s,e,t
byway,b,y,w,a,y
texas,t,e,x,a,s
scrod,s,c,r,o,d
avows,a,v,o,w,s
futon,f,u,t,o,n
torte,t,o,r,t,e
tuple,t,u,p,l,e
carom,c,a,r,o,m
kebab,k,e,b,a,b
tamps,t,a,m,p,s
jilts,j,i,l,t,s
duals,d,u,a,l,s
artsy,a,r,t,s,y
repro,r,e,p,r,o
modem,m,o,d,e,m
toped,t,o,p,e,d
psych,p,s,y,c,h
sicko,s,i,c,k,o
klutz,k,l,u,t,z
tarns,t,a,r,n,s
coxed,c,o,x,e,d
drays,d,r,a,y,s
cloys,c,l,o,y,s
anded,a,n,d,e,d
piker,p,i,k,e,r
aimer,a,i,m,e,r
suras,s,u,r,a,s
limos,l,i,m,o,s
flack,f,l,a,c,k
hapax,h,a,p,a,x
dutch,d,u,t,c,h
mucky,m,u,c,k,y
shire,s,h,i,r,e
klieg,k,l,i,e,g
staph,s,t,a,p,h
layup,l,a,y,u,p
tokes,t,o,k,e,s
axing,a,x,i,n,g
toper,t,o,p,e,r
duvet,d,u,v,e,t
cowry,c,o,w,r,y
profs,p,r,o,f,s
blahs,b,l,a,h,s
addle,a,d,d,l,e
sudsy,s,u,d,s,y
batty,b,a,t,t,y
coifs,c,o,i,f,s
suety,s,u,e,t,y
gabby,g,a,b,b,y
hafta,h,a,f,t,a
pitas,p,i,t,a,s
gouda,g,o,u,d,a
deice,d,e,i,c,e
taupe,t,a,u,p,e
topes,t,o,p,e,s
duchy,d,u,c,h,y
nitro,n,i,t,r,o
carny,c,a,r,n,y
limey,l,i,m,e,y
orals,o,r,a,l,s
hirer,h,i,r,e,r
taxer,t,a,x,e,r
roils,r,o,i,l,s
ruble,r,u,b,l,e
elate,e,l,a,t,e
dolor,d,o,l,o,r
wryer,w,r,y,e,r
snots,s,n,o,t,s
quais,q,u,a,i,s
coked,c,o,k,e,d
gimel,g,i,m,e,l
gorse,g,o,r,s,e
minas,m,i,n,a,s
goest,g,o,e,s,t
agape,a,g,a,p,e
manta,m,a,n,t,a
jings,j,i,n,g,s
iliac,i,l,i,a,c
admen,a,d,m,e,n
offen,o,f,f,e,n
cills,c,i,l,l,s
offal,o,f,f,a,l
lotta,l,o,t,t,a
bolas,b,o,l,a,s
thwap,t,h,w,a,p
alway,a,l,w,a,y
boggy,b,o,g,g,y
donna,d,o,n,n,a
locos,l,o,c,o,s
belay,b,e,l,a,y
gluey,g,l,u,e,y
bitsy,b,i,t,s,y
mimsy,m,i,m,s,y
hilar,h,i,l,a,r
outta,o,u,t,t,a
vroom,v,r,o,o,m
fetal,f,e,t,a,l
raths,r,a,t,h,s
renal,r,e,n,a,l
dyads,d,y,a,d,s
crocs,c,r,o,c,s
vires,v,i,r,e,s
culpa,c,u,l,p,a
kivas,k,i,v,a,s
feist,f,e,i,s,t
teats,t,e,a,t,s
thats,t,h,a,t,s
yawls,y,a,w,l,s
whens,w,h,e,n,s
abaca,a,b,a,c,a
ohhhh,o,h,h,h,h
aphis,a,p,h,i,s
fusty,f,u,s,t,y
eclat,e,c,l,a,t
perdu,p,e,r,d,u
mayst,m,a,y,s,t
exeat,e,x,e,a,t
molly,m,o,l,l,y
supra,s,u,p,r,a
wetly,w,e,t,l,y
plasm,p,l,a,s,m
buffa,b,u,f,f,a
semen,s,e,m,e,n
pukka,p,u,k,k,a
tagua,t,a,g,u,a
paras,p,a,r,a,s
stoat,s,t,o,a,t
secco,s,e,c,c,o
carte,c,a,r,t,e
haute,h,a,u,t,e
molal,m,o,l,a,l
shads,s,h,a,d,s
forma,f,o,r,m,a
ovoid,o,v,o,i,d
pions,p,i,o,n,s
modus,m,o,d,u,s
bueno,b,u,e,n,o
rheum,r,h,e,u,m
scurf,s,c,u,r,f
parer,p,a,r,e,r
ephah,e,p,h,a,h
doest,d,o,e,s,t
sprue,s,p,r,u,e
flams,f,l,a,m,s
molto,m,o,l,t,o
dieth,d,i,e,t,h
choos,c,h,o,o,s
miked,m,i,k,e,d
bronx,b,r,o,n,x
goopy,g,o,o,p,y
bally,b,a,l,l,y
plumy,p,l,u,m,y
moony,m,o,o,n,y
morts,m,o,r,t,s
yourn,y,o,u,r,n
bipod,b,i,p,o,d
spume,s,p,u,m,e
algal,a,l,g,a,l
ambit,a,m,b,i,t
mucho,m,u,c,h,o
spued,s,p,u,e,d
dozer,d,o,z,e,r
harum,h,a,r,u,m
groat,g,r,o,a,t
skint,s,k,i,n,t
laude,l,a,u,d,e
thrum,t,h,r,u,m
pappy,p,a,p,p,y
oncet,o,n,c,e,t
rimed,r,i,m,e,d
gigue,g,i,g,u,e
limed,l,i,m,e,d
plein,p,l,e,i,n
redly,r,e,d,l,y
humpf,h,u,m,p,f
lites,l,i,t,e,s
seest,s,e,e,s,t
grebe,g,r,e,b,e
absit,a,b,s,i,t
thanx,t,h,a,n,x
pshaw,p,s,h,a,w
yawps,y,a,w,p,s
plats,p,l,a,t,s
payed,p,a,y,e,d
areal,a,r,e,a,l
tilth,t,i,l,t,h
youse,y,o,u,s,e
gwine,g,w,i,n,e
thees,t,h,e,e,s
watsa,w,a,t,s,a
lento,l,e,n,t,o
spitz,s,p,i,t,z
yawed,y,a,w,e,d
gipsy,g,i,p,s,y
sprat,s,p,r,a,t
cornu,c,o,r,n,u
amahs,a,m,a,h,s
blowy,b,l,o,w,y
wahoo,w,a,h,o,o
lubra,l,u,b,r,a
mecum,m,e,c,u,m
whooo,w,h,o,o,o
coqui,c,o,q,u,i
sabra,s,a,b,r,a
edema,e,d,e,m,a
mrads,m,r,a,d,s
dicot,d,i,c,o,t
astro,a,s,t,r,o
kited,k,i,t,e,d
ouzel,o,u,z,e,l
didos,d,i,d,o,s
grata,g,r,a,t,a
bonne,b,o,n,n,e
axmen,a,x,m,e,n
klunk,k,l,u,n,k
summa,s,u,m,m,a
laves,l,a,v,e,s
purls,p,u,r,l,s
yawny,y,a,w,n,y
teary,t,e,a,r,y
masse,m,a,s,s,e
largo,l,a,r,g,o
bazar,b,a,z,a,r
pssst,p,s,s,s,t
sylph,s,y,l,p,h
lulab,l,u,l,a,b
toque,t,o,q,u,e
fugit,f,u,g,i,t
plunk,p,l,u,n,k
ortho,o,r,t,h,o
lucre,l,u,c,r,e
cooch,c,o,o,c,h
whipt,w,h,i,p,t
folky,f,o,l,k,y
tyres,t,y,r,e,s
wheee,w,h,e,e,e
corky,c,o,r,k,y
injun,i,n,j,u,n
solon,s,o,l,o,n
didot,d,i,d,o,t
kerfs,k,e,r,f,s
rayed,r,a,y,e,d
wassa,w,a,s,s,a
chile,c,h,i,l,e
begat,b,e,g,a,t
nippy,n,i,p,p,y
litre,l,i,t,r,e
magna,m,a,g,n,a
rebox,r,e,b,o,x
hydro,h,y,d,r,o
milch,m,i,l,c,h
brent,b,r,e,n,t
gyves,g,y,v,e,s
lazed,l,a,z,e,d
feued,f,e,u,e,d
mavis,m,a,v,i,s
inapt,i,n,a,p,t
baulk,b,a,u,l,k
casus,c,a,s,u,s
scrum,s,c,r,u,m
wised,w,i,s,e,d
fossa,f,o,s,s,a
dower,d,o,w,e,r
kyrie,k,y,r,i,e
bhoys,b,h,o,y,s
scuse,s,c,u,s,e
feuar,f,e,u,a,r
ohmic,o,h,m,i,c
juste,j,u,s,t,e
ukase,u,k,a,s,e
beaux,b,e,a,u,x
tusky,t,u,s,k,y
orate,o,r,a,t,e
musta,m,u,s,t,a
lardy,l,a,r,d,y
intra,i,n,t,r,a
quiff,q,u,i,f,f
epsom,e,p,s,o,m
neath,n,e,a,t,h
ocher,o,c,h,e,r
tared,t,a,r,e,d
homme,h,o,m,m,e
mezzo,m,e,z,z,o
corms,c,o,r,m,s
psoas,p,s,o,a,s
beaky,b,e,a,k,y
terry,t,e,r,r,y
infra,i,n,f,r,a
spivs,s,p,i,v,s
tuans,t,u,a,n,s
belli,b,e,l,l,i
bergs,b,e,r,g,s
anima,a,n,i,m,a
weirs,w,e,i,r,s
mahua,m,a,h,u,a
scops,s,c,o,p,s
manse,m,a,n,s,e
titre,t,i,t,r,e
curia,c,u,r,i,a
kebob,k,e,b,o,b
cycad,c,y,c,a,d
talky,t,a,l,k,y
fucks,f,u,c,k,s
tapis,t,a,p,i,s
amide,a,m,i,d,e
dolce,d,o,l,c,e
sloes,s,l,o,e,s
jakes,j,a,k,e,s
russe,r,u,s,s,e
blash,b,l,a,s,h
tutti,t,u,t,t,i
pruta,p,r,u,t,a
panga,p,a,n,g,a
blebs,b,l,e,b,s
tench,t,e,n,c,h
swarf,s,w,a,r,f
herem,h,e,r,e,m
missy,m,i,s,s,y
merse,m,e,r,s,e
pawky,p,a,w,k,y
limen,l,i,m,e,n
vivre,v,i,v,r,e
chert,c,h,e,r,t
unsee,u,n,s,e,e
tiros,t,i,r,o,s
brack,b,r,a,c,k
foots,f,o,o,t,s
welsh,w,e,l,s,h
fosse,f,o,s,s,e
knops,k,n,o,p,s
ileum,i,l,e,u,m
noire,n,o,i,r,e
firma,f,i,r,m,a
podgy,p,o,d,g,y
laird,l,a,i,r,d
thunk,t,h,u,n,k
shute,s,h,u,t,e
rowan,r,o,w,a,n
shoji,s,h,o,j,i
poesy,p,o,e,s,y
uncap,u,n,c,a,p
fames,f,a,m,e,s
glees,g,l,e,e,s
costa,c,o,s,t,a
turps,t,u,r,p,s
fores,f,o,r,e,s
solum,s,o,l,u,m
imago,i,m,a,g,o
byres,b,y,r,e,s
fondu,f,o,n,d,u
coney,c,o,n,e,y
polis,p,o,l,i,s
dictu,d,i,c,t,u
kraal,k,r,a,a,l
sherd,s,h,e,r,d
mumbo,m,u,m,b,o
wroth,w,r,o,t,h
chars,c,h,a,r,s
unbox,u,n,b,o,x
vacuo,v,a,c,u,o
slued,s,l,u,e,d
weest,w,e,e,s,t
hades,h,a,d,e,s
wiled,w,i,l,e,d
syncs,s,y,n,c,s
muser,m,u,s,e,r
excon,e,x,c,o,n
hoars,h,o,a,r,s
sibyl,s,i,b,y,l
passe,p,a,s,s,e
joeys,j,o,e,y,s
lotsa,l,o,t,s,a
lepta,l,e,p,t,a
shays,s,h,a,y,s
bocks,b,o,c,k,s
endue,e,n,d,u,e
darer,d,a,r,e,r
nones,n,o,n,e,s
ileus,i,l,e,u,s
plash,p,l,a,s,h
busby,b,u,s,b,y
wheal,w,h,e,a,l
buffo,b,u,f,f,o
yobbo,y,o,b,b,o
biles,b,i,l,e,s
poxes,p,o,x,e,s
rooty,r,o,o,t,y
licit,l,i,c,i,t
terce,t,e,r,c,e
bromo,b,r,o,m,o
hayey,h,a,y,e,y
dweeb,d,w,e,e,b
imbed,i,m,b,e,d
saran,s,a,r,a,n
bruit,b,r,u,i,t
punky,p,u,n,k,y
softs,s,o,f,t,s
biffs,b,i,f,f,s
loppy,l,o,p,p,y
agars,a,g,a,r,s
aquae,a,q,u,a,e
livre,l,i,v,r,e
biome,b,i,o,m,e
bunds,b,u,n,d,s
shews,s,h,e,w,s
diems,d,i,e,m,s
ginny,g,i,n,n,y
degum,d,e,g,u,m
polos,p,o,l,o,s
desex,d,e,s,e,x
unman,u,n,m,a,n
dungy,d,u,n,g,y
vitam,v,i,t,a,m
wedgy,w,e,d,g,y
glebe,g,l,e,b,e
apers,a,p,e,r,s
ridgy,r,i,d,g,y
roids,r,o,i,d,s
wifey,w,i,f,e,y
vapes,v,a,p,e,s
whoas,w,h,o,a,s
bunko,b,u,n,k,o
yolky,y,o,l,k,y
ulnas,u,l,n,a,s
reeky,r,e,e,k,y
bodge,b,o,d,g,e
brant,b,r,a,n,t
davit,d,a,v,i,t
deque,d,e,q,u,e
liker,l,i,k,e,r
jenny,j,e,n,n,y
tacts,t,a,c,t,s
fulls,f,u,l,l,s
treap,t,r,e,a,p
ligne,l,i,g,n,e
acked,a,c,k,e,d
refry,r,e,f,r,y
vower,v,o,w,e,r
aargh,a,a,r,g,h
churl,c,h,u,r,l
momma,m,o,m,m,a
gaols,g,a,o,l,s
whump,w,h,u,m,p
arras,a,r,r,a,s
marls,m,a,r,l,s
tiler,t,i,l,e,r
grogs,g,r,o,g,s
memes,m,e,m,e,s
midis,m,i,d,i,s
tided,t,i,d,e,d
haler,h,a,l,e,r
duces,d,u,c,e,s
twiny,t,w,i,n,y
poste,p,o,s,t,e
unrig,u,n,r,i,g
prise,p,r,i,s,e
drabs,d,r,a,b,s
quids,q,u,i,d,s
facer,f,a,c,e,r
spier,s,p,i,e,r
baric,b,a,r,i,c
geoid,g,e,o,i,d
remap,r,e,m,a,p
trier,t,r,i,e,r
gunks,g,u,n,k,s
steno,s,t,e,n,o
stoma,s,t,o,m,a
airer,a,i,r,e,r
ovate,o,v,a,t,e
torah,t,o,r,a,h
apian,a,p,i,a,n
smuts,s,m,u,t,s
pocks,p,o,c,k,s
yurts,y,u,r,t,s
exurb,e,x,u,r,b
defog,d,e,f,o,g
nuder,n,u,d,e,r
bosky,b,o,s,k,y
nimbi,n,i,m,b,i
mothy,m,o,t,h,y
joyed,j,o,y,e,d
labia,l,a,b,i,a
pards,p,a,r,d,s
jammy,j,a,m,m,y
bigly,b,i,g,l,y
faxer,f,a,x,e,r
hoppy,h,o,p,p,y
nurbs,n,u,r,b,s
cotes,c,o,t,e,s
dishy,d,i,s,h,y
vised,v,i,s,e,d
celeb,c,e,l,e,b
pismo,p,i,s,m,o
casas,c,a,s,a,s
withs,w,i,t,h,s
dodgy,d,o,d,g,y
scudi,s,c,u,d,i
mungs,m,u,n,g,s
muons,m,u,o,n,s
ureas,u,r,e,a,s
ioctl,i,o,c,t,l
unhip,u,n,h,i,p
krone,k,r,o,n,e
sager,s,a,g,e,r
verst,v,e,r,s,t
expat,e,x,p,a,t
gronk,g,r,o,n,k
uvula,u,v,u,l,a
shawm,s,h,a,w,m
bilgy,b,i,l,g,y
braes,b,r,a,e,s
cento,c,e,n,t,o
webby,w,e,b,b,y
lippy,l,i,p,p,y
gamic,g,a,m,i,c
lordy,l,o,r,d,y
mazed,m,a,z,e,d
tings,t,i,n,g,s
shoat,s,h,o,a,t
faery,f,a,e,r,y
wirer,w,i,r,e,r
diazo,d,i,a,z,o
carer,c,a,r,e,r
rater,r,a,t,e,r
greps,g,r,e,p,s
rente,r,e,n,t,e
zloty,z,l,o,t,y
viers,v,i,e,r,s
unapt,u,n,a,p,t
poops,p,o,o,p,s
fecal,f,e,c,a,l
kepis,k,e,p,i,s
taxon,t,a,x,o,n
eyers,e,y,e,r,s
wonts,w,o,n,t,s
spina,s,p,i,n,a
stoae,s,t,o,a,e
yenta,y,e,n,t,a
pooey,p,o,o,e,y
buret,b,u,r,e,t
japan,j,a,p,a,n
bedew,b,e,d,e,w
hafts,h,a,f,t,s
selfs,s,e,l,f,s
oared,o,a,r,e,d
herby,h,e,r,b,y
pryer,p,r,y,e,r
oakum,o,a,k,u,m
dinks,d,i,n,k,s
titty,t,i,t,t,y
sepoy,s,e,p,o,y
penes,p,e,n,e,s
fusee,f,u,s,e,e
winey,w,i,n,e,y
gimps,g,i,m,p,s
nihil,n,i,h,i,l
rille,r,i,l,l,e
giber,g,i,b,e,r
ousel,o,u,s,e,l
umiak,u,m,i,a,k
cuppy,c,u,p,p,y
hames,h,a,m,e,s
shits,s,h,i,t,s
azine,a,z,i,n,e
glads,g,l,a,d,s
tacet,t,a,c,e,t
bumph,b,u,m,p,h
coyer,c,o,y,e,r
honky,h,o,n,k,y
gamer,g,a,m,e,r
gooky,g,o,o,k,y
waspy,w,a,s,p,y
sedgy,s,e,d,g,y
bents,b,e,n,t,s
varia,v,a,r,i,a
djinn,d,j,i,n,n
junco,j,u,n,c,o
pubic,p,u,b,i,c
wilco,w,i,l,c,o
lazes,l,a,z,e,s
idyls,i,d,y,l,s
lupus,l,u,p,u,s
rives,r,i,v,e,s
snood,s,n,o,o,d
schmo,s,c,h,m,o
spazz,s,p,a,z,z
finis,f,i,n,i,s
noter,n,o,t,e,r
pavan,p,a,v,a,n
orbed,o,r,b,e,d
bates,b,a,t,e,s
pipet,p,i,p,e,t
baddy,b,a,d,d,y
goers,g,o,e,r,s
shako,s,h,a,k,o
stets,s,t,e,t,s
sebum,s,e,b,u,m
seeth,s,e,e,t,h
lobar,l,o,b,a,r
raver,r,a,v,e,r
ajuga,a,j,u,g,a
riced,r,i,c,e,d
velds,v,e,l,d,s
dribs,d,r,i,b,s
ville,v,i,l,l,e
dhows,d,h,o,w,s
unsew,u,n,s,e,w
halma,h,a,l,m,a
krona,k,r,o,n,a
limby,l,i,m,b,y
jiffs,j,i,f,f,s
treys,t,r,e,y,s
bauds,b,a,u,d,s
pffft,p,f,f,f,t
mimer,m,i,m,e,r
plebs,p,l,e,b,s
caner,c,a,n,e,r
jiber,j,i,b,e,r
cuppa,c,u,p,p,a
washy,w,a,s,h,y
chuff,c,h,u,f,f
unarm,u,n,a,r,m
yukky,y,u,k,k,y
styes,s,t,y,e,s
waker,w,a,k,e,r
flaks,f,l,a,k,s
maces,m,a,c,e,s
rimes,r,i,m,e,s
gimpy,g,i,m,p,y
guano,g,u,a,n,o
liras,l,i,r,a,s
kapok,k,a,p,o,k
scuds,s,c,u,d,s
bwana,b,w,a,n,a
oring,o,r,i,n,g
aider,a,i,d,e,r
prier,p,r,i,e,r
klugy,k,l,u,g,y
monte,m,o,n,t,e
golem,g,o,l,e,m
velar,v,e,l,a,r
firer,f,i,r,e,r
pieta,p,i,e,t,a
umbel,u,m,b,e,l
campo,c,a,m,p,o
unpeg,u,n,p,e,g
fovea,f,o,v,e,a
abeam,a,b,e,a,m
boson,b,o,s,o,n
asker,a,s,k,e,r
goths,g,o,t,h,s
vocab,v,o,c,a,b
vined,v,i,n,e,d
trows,t,r,o,w,s
tikis,t,i,k,i,s
loper,l,o,p,e,r
indie,i,n,d,i,e
boffs,b,o,f,f,s
spang,s,p,a,n,g
grapy,g,r,a,p,y
tater,t,a,t,e,r
ichor,i,c,h,o,r
kilty,k,i,l,t,y
lochs,l,o,c,h,s
supes,s,u,p,e,s
degas,d,e,g,a,s
flics,f,l,i,c,s
torsi,t,o,r,s,i
beths,b,e,t,h,s
weber,w,e,b,e,r
resaw,r,e,s,a,w
lawny,l,a,w,n,y
coven,c,o,v,e,n
mujik,m,u,j,i,k
relet,r,e,l,e,t
therm,t,h,e,r,m
heigh,h,e,i,g,h
shnor,s,h,n,o,r
trued,t,r,u,e,d
zayin,z,a,y,i,n
liest,l,i,e,s,t
barfs,b,a,r,f,s
bassi,b,a,s,s,i
qophs,q,o,p,h,s
roily,r,o,i,l,y
flabs,f,l,a,b,s
punny,p,u,n,n,y
okras,o,k,r,a,s
hanks,h,a,n,k,s
dipso,d,i,p,s,o
nerfs,n,e,r,f,s
fauns,f,a,u,n,s
calla,c,a,l,l,a
pseud,p,s,e,u,d
lurer,l,u,r,e,r
magus,m,a,g,u,s
obeah,o,b,e,a,h
atria,a,t,r,i,a
twink,t,w,i,n,k
palmy,p,a,l,m,y
pocky,p,o,c,k,y
pends,p,e,n,d,s
recta,r,e,c,t,a
plonk,p,l,o,n,k
slaws,s,l,a,w,s
keens,k,e,e,n,s
nicad,n,i,c,a,d
pones,p,o,n,e,s
inker,i,n,k,e,r
whews,w,h,e,w,s
groks,g,r,o,k,s
mosts,m,o,s,t,s
trews,t,r,e,w,s
ulnar,u,l,n,a,r
gyppy,g,y,p,p,y
cocas,c,o,c,a,s
expos,e,x,p,o,s
eruct,e,r,u,c,t
oiler,o,i,l,e,r
vacua,v,a,c,u,a
dreck,d,r,e,c,k
dater,d,a,t,e,r
arums,a,r,u,m,s
tubal,t,u,b,a,l
voxel,v,o,x,e,l
dixit,d,i,x,i,t
beery,b,e,e,r,y
assai,a,s,s,a,i
lades,l,a,d,e,s
actin,a,c,t,i,n
ghoti,g,h,o,t,i
buzzy,b,u,z,z,y
meads,m,e,a,d,s
grody,g,r,o,d,y
ribby,r,i,b,b,y
clews,c,l,e,w,s
creme,c,r,e,m,e
email,e,m,a,i,l
pyxie,p,y,x,i,e
kulak,k,u,l,a,k
bocci,b,o,c,c,i
rived,r,i,v,e,d
duddy,d,u,d,d,y
hoper,h,o,p,e,r
lapin,l,a,p,i,n
wonks,w,o,n,k,s
petri,p,e,t,r,i
phial,p,h,i,a,l
fugal,f,u,g,a,l
holon,h,o,l,o,n
boomy,b,o,o,m,y
duomo,d,u,o,m,o
musos,m,u,s,o,s
shier,s,h,i,e,r
hayer,h,a,y,e,r
porgy,p,o,r,g,y
hived,h,i,v,e,d
litho,l,i,t,h,o
fisty,f,i,s,t,y
stagy,s,t,a,g,y
luvya,l,u,v,y,a
maria,m,a,r,i,a
smogs,s,m,o,g,s
asana,a,s,a,n,a
yogic,y,o,g,i,c
slomo,s,l,o,m,o
fawny,f,a,w,n,y
amine,a,m,i,n,e
wefts,w,e,f,t,s
gonad,g,o,n,a,d
twirp,t,w,i,r,p
brava,b,r,a,v,a
plyer,p,l,y,e,r
fermi,f,e,r,m,i
loges,l,o,g,e,s
niter,n,i,t,e,r
revet,r,e,v,e,t
unate,u,n,a,t,e
gyved,g,y,v,e,d
totty,t,o,t,t,y
zappy,z,a,p,p,y
honer,h,o,n,e,r
giros,g,i,r,o,s
dicer,d,i,c,e,r
calks,c,a,l,k,s
luxes,l,u,x,e,s
monad,m,o,n,a,d
cruft,c,r,u,f,t
quoin,q,u,o,i,n
fumer,f,u,m,e,r
amped,a,m,p,e,d
shlep,s,h,l,e,p
vinca,v,i,n,c,a
yahoo,y,a,h,o,o
vulva,v,u,l,v,a
zooey,z,o,o,e,y
dryad,d,r,y,a,d
nixie,n,i,x,i,e
moper,m,o,p,e,r
iambs,i,a,m,b,s
lunes,l,u,n,e,s
nudie,n,u,d,i,e
limns,l,i,m,n,s
weals,w,e,a,l,s
nohow,n,o,h,o,w
miaow,m,i,a,o,w
gouts,g,o,u,t,s
mynas,m,y,n,a,s
mazer,m,a,z,e,r
kikes,k,i,k,e,s
oxeye,o,x,e,y,e
stoup,s,t,o,u,p
jujus,j,u,j,u,s
debar,d,e,b,a,r
pubes,p,u,b,e,s
taels,t,a,e,l,s
defun,d,e,f,u,n
rands,r,a,n,d,s
blear,b,l,e,a,r
paver,p,a,v,e,r
goosy,g,o,o,s,y
sprog,s,p,r,o,g
oleos,o,l,e,o,s
toffy,t,o,f,f,y
pawer,p,a,w,e,r
maced,m,a,c,e,d
crits,c,r,i,t,s
kluge,k,l,u,g,e
tubed,t,u,b,e,d
sahib,s,a,h,i,b
ganef,g,a,n,e,f
scats,s,c,a,t,s
sputa,s,p,u,t,a
vaned,v,a,n,e,d
acned,a,c,n,e,d
taxol,t,a,x,o,l
plink,p,l,i,n,k
oweth,o,w,e,t,h
tribs,t,r,i,b,s
resay,r,e,s,a,y
boule,b,o,u,l,e
thous,t,h,o,u,s
haply,h,a,p,l,y
glans,g,l,a,n,s
maxis,m,a,x,i,s
bezel,b,e,z,e,l
antis,a,n,t,i,s
porks,p,o,r,k,s
quoit,q,u,o,i,t
alkyd,a,l,k,y,d
glary,g,l,a,r,y
beamy,b,e,a,m,y
hexad,h,e,x,a,d
bonks,b,o,n,k,s
tecum,t,e,c,u,m
kerbs,k,e,r,b,s
filar,f,i,l,a,r
frier,f,r,i,e,r
redux,r,e,d,u,x
abuzz,a,b,u,z,z
fader,f,a,d,e,r
shoer,s,h,o,e,r
couth,c,o,u,t,h
trues,t,r,u,e,s
guyed,g,u,y,e,d
goony,g,o,o,n,y
booky,b,o,o,k,y
fuzes,f,u,z,e,s
hurly,h,u,r,l,y
genet,g,e,n,e,t
hodad,h,o,d,a,d
calix,c,a,l,i,x
filer,f,i,l,e,r
pawls,p,a,w,l,s
iodic,i,o,d,i,c
utero,u,t,e,r,o
henge,h,e,n,g,e
unsay,u,n,s,a,y
liers,l,i,e,r,s
piing,p,i,i,n,g
weald,w,e,a,l,d
sexed,s,e,x,e,d
folic,f,o,l,i,c
poxed,p,o,x,e,d
cunts,c,u,n,t,s
anile,a,n,i,l,e
kiths,k,i,t,h,s
becks,b,e,c,k,s
tatty,t,a,t,t,y
plena,p,l,e,n,a
rebar,r,e,b,a,r
abled,a,b,l,e,d
toyer,t,o,y,e,r
attar,a,t,t,a,r
teaks,t,e,a,k,s
aioli,a,i,o,l,i
awing,a,w,i,n,g
anent,a,n,e,n,t
feces,f,e,c,e,s
redip,r,e,d,i,p
wists,w,i,s,t,s
prats,p,r,a,t,s
mesne,m,e,s,n,e
muter,m,u,t,e,r
smurf,s,m,u,r,f
owest,o,w,e,s,t
bahts,b,a,h,t,s
lossy,l,o,s,s,y
ftped,f,t,p,e,d
hunky,h,u,n,k,y
hoers,h,o,e,r,s
slier,s,l,i,e,r
sicks,s,i,c,k,s
fatly,f,a,t,l,y
delft,d,e,l,f,t
hiver,h,i,v,e,r
himbo,h,i,m,b,o
pengo,p,e,n,g,o
busks,b,u,s,k,s
loxes,l,o,x,e,s
zonks,z,o,n,k,s
ilium,i,l,i,u,m
aport,a,p,o,r,t
ikons,i,k,o,n,s
mulct,m,u,l,c,t
reeve,r,e,e,v,e
civvy,c,i,v,v,y
canna,c,a,n,n,a
barfy,b,a,r,f,y
kaiak,k,a,i,a,k
scudo,s,c,u,d,o
knout,k,n,o,u,t
gaper,g,a,p,e,r
bhang,b,h,a,n,g
pease,p,e,a,s,e
uteri,u,t,e,r,i
lases,l,a,s,e,s
paten,p,a,t,e,n
rasae,r,a,s,a,e
axels,a,x,e,l,s
stoas,s,t,o,a,s
ombre,o,m,b,r,e
styli,s,t,y,l,i
gunky,g,u,n,k,y
hazer,h,a,z,e,r
kenaf,k,e,n,a,f
ahoys,a,h,o,y,s
ammos,a,m,m,o,s
weeny,w,e,e,n,y
urger,u,r,g,e,r
kudzu,k,u,d,z,u
paren,p,a,r,e,n
bolos,b,o,l,o,s
fetor,f,e,t,o,r
nitty,n,i,t,t,y
techy,t,e,c,h,y
lieth,l,i,e,t,h
somas,s,o,m,a,s
darky,d,a,r,k,y
villi,v,i,l,l,i
gluon,g,l,u,o,n
janes,j,a,n,e,s
cants,c,a,n,t,s
farts,f,a,r,t,s
socle,s,o,c,l,e
jinns,j,i,n,n,s
ruing,r,u,i,n,g
slily,s,l,i,l,y
ricer,r,i,c,e,r
hadda,h,a,d,d,a
wowee,w,o,w,e,e
rices,r,i,c,e,s
nerts,n,e,r,t,s
cauls,c,a,u,l,s
swive,s,w,i,v,e
lilty,l,i,l,t,y
micks,m,i,c,k,s
arity,a,r,i,t,y
pasha,p,a,s,h,a
finif,f,i,n,i,f
oinky,o,i,n,k,y
gutty,g,u,t,t,y
tetra,t,e,t,r,a
wises,w,i,s,e,s
wolds,w,o,l,d,s
balds,b,a,l,d,s
picot,p,i,c,o,t
whats,w,h,a,t,s
shiki,s,h,i,k,i
bungs,b,u,n,g,s
snarf,s,n,a,r,f
legos,l,e,g,o,s
dungs,d,u,n,g,s
stogy,s,t,o,g,y
berms,b,e,r,m,s
tangs,t,a,n,g,s
vails,v,a,i,l,s
roods,r,o,o,d,s
morel,m,o,r,e,l
sware,s,w,a,r,e
elans,e,l,a,n,s
latus,l,a,t,u,s
gules,g,u,l,e,s
razer,r,a,z,e,r
doxie,d,o,x,i,e
buena,b,u,e,n,a
overs,o,v,e,r,s
gutta,g,u,t,t,a
zincs,z,i,n,c,s
nates,n,a,t,e,s
kirks,k,i,r,k,s
tikes,t,i,k,e,s
donee,d,o,n,e,e
jerry,j,e,r,r,y
mohel,m,o,h,e,l
ceder,c,e,d,e,r
doges,d,o,g,e,s
unmap,u,n,m,a,p
folia,f,o,l,i,a
rawly,r,a,w,l,y
snark,s,n,a,r,k
topoi,t,o,p,o,i
ceils,c,e,i,l,s
immix,i,m,m,i,x
yores,y,o,r,e,s
diest,d,i,e,s,t
bubba,b,u,b,b,a
pomps,p,o,m,p,s
forky,f,o,r,k,y
turdy,t,u,r,d,y
lawzy,l,a,w,z,y
poohs,p,o,o,h,s
worts,w,o,r,t,s
gloms,g,l,o,m,s
beano,b,e,a,n,o
muley,m,u,l,e,y
barky,b,a,r,k,y
tunny,t,u,n,n,y
auric,a,u,r,i,c
funks,f,u,n,k,s
gaffs,g,a,f,f,s
cordy,c,o,r,d,y
curdy,c,u,r,d,y
lisle,l,i,s,l,e
toric,t,o,r,i,c
soyas,s,o,y,a,s
reman,r,e,m,a,n
mungy,m,u,n,g,y
carpy,c,a,r,p,y
apish,a,p,i,s,h
oaten,o,a,t,e,n
gappy,g,a,p,p,y
aurae,a,u,r,a,e
bract,b,r,a,c,t
rooky,r,o,o,k,y
axled,a,x,l,e,d
burry,b,u,r,r,y
sizer,s,i,z,e,r
proem,p,r,o,e,m
turfy,t,u,r,f,y
impro,i,m,p,r,o
mashy,m,a,s,h,y
miens,m,i,e,n,s
nonny,n,o,n,n,y
olios,o,l,i,o,s
grook,g,r,o,o,k
sates,s,a,t,e,s
agley,a,g,l,e,y
corgi,c,o,r,g,i
dashy,d,a,s,h,y
doser,d,o,s,e,r
dildo,d,i,l,d,o
apsos,a,p,s,o,s
xored,x,o,r,e,d
laker,l,a,k,e,r
playa,p,l,a,y,a
selah,s,e,l,a,h
malty,m,a,l,t,y
dulse,d,u,l,s,e
frigs,f,r,i,g,s
demit,d,e,m,i,t
whoso,w,h,o,s,o
rials,r,i,a,l,s
sawer,s,a,w,e,r
spics,s,p,i,c,s
bedim,b,e,d,i,m
snugs,s,n,u,g,s
fanin,f,a,n,i,n
azoic,a,z,o,i,c
icers,i,c,e,r,s
suers,s,u,e,r,s
wizen,w,i,z,e,n
koine,k,o,i,n,e
topos,t,o,p,o,s
shirr,s,h,i,r,r
rifer,r,i,f,e,r
feral,f,e,r,a,l
laded,l,a,d,e,d
lased,l,a,s,e,d
turds,t,u,r,d,s
swede,s,w,e,d,e
easts,e,a,s,t,s
cozen,c,o,z,e,n
unhit,u,n,h,i,t
pally,p,a,l,l,y
aitch,a,i,t,c,h
sedum,s,e,d,u,m
coper,c,o,p,e,r
ruche,r,u,c,h,e
geeks,g,e,e,k,s
swags,s,w,a,g,s
etext,e,t,e,x,t
algin,a,l,g,i,n
offed,o,f,f,e,d
ninja,n,i,n,j,a
holer,h,o,l,e,r
doter,d,o,t,e,r
toter,t,o,t,e,r
besot,b,e,s,o,t
dicut,d,i,c,u,t
macer,m,a,c,e,r
peens,p,e,e,n,s
pewit,p,e,w,i,t
redox,r,e,d,o,x
poler,p,o,l,e,r
yecch,y,e,c,c,h
fluky,f,l,u,k,y
doeth,d,o,e,t,h
twats,t,w,a,t,s
cruds,c,r,u,d,s
bebug,b,e,b,u,g
bider,b,i,d,e,r
stele,s,t,e,l,e
hexer,h,e,x,e,r
wests,w,e,s,t,s
gluer,g,l,u,e,r
pilau,p,i,l,a,u
abaft,a,b,a,f,t
whelm,w,h,e,l,m
lacer,l,a,c,e,r
inode,i,n,o,d,e
tabus,t,a,b,u,s
gator,g,a,t,o,r
cuing,c,u,i,n,g
refly,r,e,f,l,y
luted,l,u,t,e,d
cukes,c,u,k,e,s
bairn,b,a,i,r,n
bight,b,i,g,h,t
arses,a,r,s,e,s
crump,c,r,u,m,p
loggy,l,o,g,g,y
blini,b,l,i,n,i
spoor,s,p,o,o,r
toyon,t,o,y,o,n
harks,h,a,r,k,s
wazoo,w,a,z,o,o
fenny,f,e,n,n,y
naves,n,a,v,e,s
keyer,k,e,y,e,r
tufas,t,u,f,a,s
morph,m,o,r,p,h
rajas,r,a,j,a,s
typal,t,y,p,a,l
spiff,s,p,i,f,f
oxlip,o,x,l,i,p
unban,u,n,b,a,n
mussy,m,u,s,s,y
finny,f,i,n,n,y
rimer,r,i,m,e,r
login,l,o,g,i,n
molas,m,o,l,a,s
cirri,c,i,r,r,i
huzza,h,u,z,z,a
agone,a,g,o,n,e
unsex,u,n,s,e,x
unwon,u,n,w,o,n
peats,p,e,a,t,s
toile,t,o,i,l,e
zombi,z,o,m,b,i
dewed,d,e,w,e,d
nooky,n,o,o,k,y
alkyl,a,l,k,y,l
ixnay,i,x,n,a,y
dovey,d,o,v,e,y
holey,h,o,l,e,y
cuber,c,u,b,e,r
amyls,a,m,y,l,s
podia,p,o,d,i,a
chino,c,h,i,n,o
apnea,a,p,n,e,a
prims,p,r,i,m,s
lycra,l,y,c,r,a
johns,j,o,h,n,s
primo,p,r,i,m,o
fatwa,f,a,t,w,a
egger,e,g,g,e,r
hempy,h,e,m,p,y
snook,s,n,o,o,k
hying,h,y,i,n,g
fuzed,f,u,z,e,d
barms,b,a,r,m,s
crink,c,r,i,n,k
moots,m,o,o,t,s
yerba,y,e,r,b,a
rhumb,r,h,u,m,b
unarc,u,n,a,r,c
direr,d,i,r,e,r
munge,m,u,n,g,e
eland,e,l,a,n,d
nares,n,a,r,e,s
wrier,w,r,i,e,r
noddy,n,o,d,d,y
atilt,a,t,i,l,t
jukes,j,u,k,e,s
ender,e,n,d,e,r
thens,t,h,e,n,s
unfix,u,n,f,i,x
doggo,d,o,g,g,o
zooks,z,o,o,k,s
diddy,d,i,d,d,y
shmoo,s,h,m,o,o
brusk,b,r,u,s,k
prest,p,r,e,s,t
curer,c,u,r,e,r
pasts,p,a,s,t,s
kelpy,k,e,l,p,y
bocce,b,o,c,c,e
kicky,k,i,c,k,y
taros,t,a,r,o,s
lings,l,i,n,g,s
dicky,d,i,c,k,y
nerdy,n,e,r,d,y
abend,a,b,e,n,d
stela,s,t,e,l,a
biggy,b,i,g,g,y
laved,l,a,v,e,d
baldy,b,a,l,d,y
pubis,p,u,b,i,s
gooks,g,o,o,k,s
wonky,w,o,n,k,y
stied,s,t,i,e,d
hypos,h,y,p,o,s
assed,a,s,s,e,d
spumy,s,p,u,m,y
osier,o,s,i,e,r
roble,r,o,b,l,e
rumba,r,u,m,b,a
biffy,b,i,f,f,y
pupal,p,u,p,a,l